	n_i	n_T.te	n_T.peak	expected	fc.expected	comparison	padj.final	significance
L2b	1148	91943	3633	77.86	14.6	te_in_peak	0	****
L2d	275	27881	3633	23.61	11.2	te_in_peak	3.03e-184	****
L2c	1139	126360	3633	107.0	10.6	te_in_peak	0	****
L2d2	329	52674	3633	44.6	7.2	te_in_peak	3.46e-162	****
MIR1_Amn	36	11716	3633	9.92	3.4	te_in_peak	1.72e-08	****
MER34C2	3	484	3633	0.41	2.8	te_in_peak	0.826	n.s
L2a	395	166340	3633	140.86	2.8	te_in_peak	1.84e-66	****
LTR47A	3	644	3633	0.55	2.6	te_in_peak	1	n.s
Charlie22a	4	1112	3633	0.94	2.6	te_in_peak	1	n.s
MamRep4096	4	1259	3633	1.07	2.4	te_in_peak	1	n.s
Tigger1a_Art	2	302	3633	0.26	2.4	te_in_peak	1	n.s
Eutr5	2	394	3633	0.33	2.3	te_in_peak	1	n.s
MIRb	402	223887	3633	189.59	2.1	te_in_peak	7.12e-39	****
LTR16C	13	6578	3633	5.57	2.1	te_in_peak	0.525	n.s
MER34C_	2	540	3633	0.46	2.1	te_in_peak	1	n.s
ORSL	3	1214	3633	1.03	2.0	te_in_peak	1	n.s
MER121B	1	68	3633	0.06	1.9	te_in_peak	1	n.s
MER113	7	3734	3633	3.16	1.9	te_in_peak	1	n.s
Eutr18	2	675	3633	0.57	1.9	te_in_peak	1	n.s
MIR3	134	87870	3633	74.41	1.8	te_in_peak	3.87e-08	****
HERVK13-int	1	40	3633	0.14	1.8	peak_in_te	1	n.s
MLT1C-int	1	101	3633	0.1	1.8	peak_in_te	1	n.s
MamRep1879	3	1484	3633	1.26	1.8	te_in_peak	1	n.s
MLT1E2-int	1	114	3633	0.12	1.8	peak_in_te	1	n.s
MIRc	155	100994	3633	85.52	1.8	te_in_peak	1.41e-09	****
MER4CL34	2	800	3633	0.68	1.8	te_in_peak	1	n.s
MER45A	6	3468	3633	2.94	1.8	te_in_peak	1	n.s
LTR31	1	240	3633	0.2	1.7	te_in_peak	1	n.s
MER66D	1	205	3633	0.17	1.7	te_in_peak	1	n.s
MIR	255	174396	3633	147.68	1.7	te_in_peak	1.25e-13	****
MER53	9	5855	3633	4.96	1.7	te_in_peak	1	n.s
MER102a	5	3028	3633	2.56	1.7	te_in_peak	1	n.s
EUTREP8	1	275	3633	0.23	1.6	te_in_peak	1	n.s
Helitron1Na_Mam	1	326	3633	0.28	1.6	te_in_peak	1	n.s
MER107	1	337	3633	0.29	1.6	te_in_peak	1	n.s
LTR75	1	289	3633	0.24	1.6	te_in_peak	1	n.s
Charlie10b	1	273	3633	0.23	1.6	te_in_peak	1	n.s
MamTip1b	1	440	3633	0.37	1.5	te_in_peak	1	n.s
LTR107_Mam	1	423	3633	0.36	1.5	te_in_peak	1	n.s
MER41E	1	356	3633	0.3	1.5	te_in_peak	1	n.s
X2a_DNA	1	412	3633	0.35	1.5	te_in_peak	1	n.s
Tigger5b	4	2766	3633	2.34	1.5	te_in_peak	1	n.s
EUTREP16	1	411	3633	0.35	1.5	te_in_peak	1	n.s
Charlie4a	4	2852	3633	2.42	1.5	te_in_peak	1	n.s
ORSL-2a	1	367	3633	0.31	1.5	te_in_peak	1	n.s
MER70B	1	423	3633	0.36	1.5	te_in_peak	1	n.s
MER68B	1	412	3633	0.35	1.5	te_in_peak	1	n.s
MER102c	4	3112	3633	2.64	1.4	te_in_peak	1	n.s
Charlie30a	1	457	3633	0.39	1.4	te_in_peak	1	n.s
MamRep38	3	2128	3633	1.8	1.4	te_in_peak	1	n.s
LTR16B	1	571	3633	0.48	1.4	te_in_peak	1	n.s
MER66C	1	519	3633	0.44	1.4	te_in_peak	1	n.s
LTR86A1	1	529	3633	0.45	1.4	te_in_peak	1	n.s
Zaphod	3	2282	3633	1.93	1.4	te_in_peak	1	n.s
Charlie16a	2	1410	3633	1.19	1.4	te_in_peak	1	n.s
MER96	2	1274	3633	1.08	1.4	te_in_peak	1	n.s
MER91C	2	1637	3633	1.39	1.3	te_in_peak	1	n.s
Charlie4z	7	5940	3633	5.03	1.3	te_in_peak	1	n.s
Kanga1d	1	664	3633	0.56	1.3	te_in_peak	1	n.s
FordPrefect	1	599	3633	0.51	1.3	te_in_peak	1	n.s
MER6B	1	676	3633	0.57	1.3	te_in_peak	1	n.s
Tigger3d	1	636	3633	0.54	1.3	te_in_peak	1	n.s
MER5C1	1	617	3633	0.52	1.3	te_in_peak	1	n.s
SVA_E	1	686	3633	0.58	1.3	te_in_peak	1	n.s
MamRep137	3	2459	3633	2.08	1.3	te_in_peak	1	n.s
LOR1a	1	702	3633	0.59	1.3	te_in_peak	1	n.s
Charlie16	2	1464	3633	1.24	1.3	te_in_peak	1	n.s
MER4E	1	668	3633	0.57	1.3	te_in_peak	1	n.s
X9_LINE	1	653	3633	0.55	1.3	te_in_peak	1	n.s
AmnSINE2	1	667	3633	0.56	1.3	te_in_peak	1	n.s
Zaphod2	1	844	3633	0.71	1.2	te_in_peak	1	n.s
Tigger12c	1	859	3633	0.73	1.2	te_in_peak	1	n.s
MER5B	26	24966	3633	21.14	1.2	te_in_peak	1	n.s
MER106B	1	827	3633	0.7	1.2	te_in_peak	1	n.s
MLT1E	1	812	3633	0.69	1.2	te_in_peak	1	n.s
MER106A	1	742	3633	0.63	1.2	te_in_peak	1	n.s
MER50-int	1	375	3633	0.69	1.2	peak_in_te	1	n.s
ORSL-2b	1	709	3633	0.6	1.2	te_in_peak	1	n.s
MamGypLTR1d	1	748	3633	0.63	1.2	te_in_peak	1	n.s
Arthur1C	1	710	3633	0.6	1.2	te_in_peak	1	n.s
Charlie4	1	917	3633	0.78	1.1	te_in_peak	1	n.s
MER113A	2	2067	3633	1.75	1.1	te_in_peak	1	n.s
MLT1K	16	16386	3633	13.88	1.1	te_in_peak	1	n.s
Charlie8	4	4378	3633	3.71	1.1	te_in_peak	1	n.s
X6B_LINE	1	875	3633	0.74	1.1	te_in_peak	1	n.s
LTR32	1	970	3633	0.82	1.1	te_in_peak	1	n.s
MER117	4	4370	3633	3.7	1.1	te_in_peak	1	n.s
X6a_DNA	1	979	3633	0.83	1.1	te_in_peak	1	n.s
MamTip2	5	5239	3633	4.44	1.1	te_in_peak	1	n.s
LTR48B	1	942	3633	0.8	1.1	te_in_peak	1	n.s
L3b	9	9560	3633	8.1	1.1	te_in_peak	1	n.s
Charlie15a	3	3213	3633	2.72	1.1	te_in_peak	1	n.s
MER85	1	902	3633	0.76	1.1	te_in_peak	1	n.s
LTR10B2	0	56	3633	0.05	1.0	te_in_peak	1	n.s
UCON62	0	24	3633	0.02	1.0	te_in_peak	1	n.s
Ricksha_a	0	56	3633	0.05	1.0	te_in_peak	1	n.s
UCON80	0	44	3633	0.04	1.0	te_in_peak	1	n.s
HERV1_LTRa	0	22	3633	0.02	1.0	te_in_peak	1	n.s
HERV1_LTRb	0	7	3633	0.01	1.0	te_in_peak	1	n.s
HERV1_LTRc	0	19	3633	0.02	1.0	te_in_peak	1	n.s
HERV1_LTRd	0	14	3633	0.01	1.0	te_in_peak	1	n.s
LTR10B	0	64	3633	0.05	1.0	te_in_peak	1	n.s
LTR13_	0	42	3633	0.05	1.0	peak_in_te	1	n.s
HERV-Fc2_LTR	0	2	3633	0.0	1.0	te_in_peak	1	n.s
Charlie10	1	1131	3633	0.96	1.0	te_in_peak	1	n.s
X7D_LINE	0	55	3633	0.05	1.0	te_in_peak	1	n.s
MER133B	0	40	3633	0.03	1.0	te_in_peak	1	n.s
MER133A	0	54	3633	0.05	1.0	te_in_peak	1	n.s
MER136	0	28	3633	0.02	1.0	te_in_peak	1	n.s
MER132	0	37	3633	0.03	1.0	te_in_peak	1	n.s
SVA_F	1	973	3633	1.0	1.0	peak_in_te	1	n.s
UCON69	0	28	3633	0.02	1.0	te_in_peak	1	n.s
HERV-Fc2-int	0	2	3633	0.02	1.0	peak_in_te	1	n.s
MER94	4	4792	3633	4.06	1.0	te_in_peak	1	n.s
HERV-Fc1-int	0	6	3633	0.04	1.0	peak_in_te	1	n.s
HERV-Fc1_LTR1	0	10	3633	0.01	1.0	te_in_peak	1	n.s
HERV-Fc1_LTR2	0	3	3633	0.0	1.0	te_in_peak	1	n.s
SVA_A	1	1186	3633	1.0	1.0	te_in_peak	1	n.s
HERV-Fc1_LTR3	0	3	3633	0.0	1.0	te_in_peak	1	n.s
LTR109A2	0	25	3633	0.02	1.0	te_in_peak	1	n.s
HERV1_LTRe	0	22	3633	0.02	1.0	te_in_peak	1	n.s
MER123	0	46	3633	0.04	1.0	te_in_peak	1	n.s
UCON51	0	42	3633	0.04	1.0	te_in_peak	1	n.s
AluYi6_4d	0	46	3633	0.04	1.0	te_in_peak	1	n.s
Arthur1B	2	2312	3633	1.96	1.0	te_in_peak	1	n.s
LTR47B	0	46	3633	0.04	1.0	te_in_peak	1	n.s
L2-1_Crp	0	41	3633	0.03	1.0	te_in_peak	1	n.s
Tigger4b	2	2520	3633	2.13	1.0	te_in_peak	1	n.s
Helitron3Na_Mam	1	1111	3633	0.94	1.0	te_in_peak	1	n.s
L2-3_AMi	0	12	3633	0.01	1.0	te_in_peak	1	n.s
Tigger1a_Mars	0	44	3633	0.04	1.0	te_in_peak	1	n.s
Arthur1	2	2337	3633	1.98	1.0	te_in_peak	1	n.s
UCON100	0	19	3633	0.02	1.0	te_in_peak	1	n.s
Zaphod3	1	1217	3633	1.03	1.0	te_in_peak	1	n.s
Tigger19b	3	3538	3633	3.0	1.0	te_in_peak	1	n.s
Tigger19a	3	3579	3633	3.03	1.0	te_in_peak	1	n.s
UCON11	0	45	3633	0.04	1.0	te_in_peak	1	n.s
LTR3B	0	63	3633	0.05	1.0	te_in_peak	1	n.s
MLT1E-int	0	12	3633	0.01	1.0	peak_in_te	1	n.s
UCON21	0	28	3633	0.02	1.0	te_in_peak	1	n.s
UCON23	0	31	3633	0.03	1.0	te_in_peak	1	n.s
LTR101_Mam	1	1140	3633	0.97	1.0	te_in_peak	1	n.s
CR1-11_Crp	0	25	3633	0.02	1.0	te_in_peak	1	n.s
MLT1E1-int	0	38	3633	0.04	1.0	peak_in_te	1	n.s
MER112	4	4468	3633	3.78	1.0	te_in_peak	1	n.s
Tigger17	0	54	3633	0.05	1.0	te_in_peak	1	n.s
UCON81	0	40	3633	0.03	1.0	te_in_peak	1	n.s
MER119	1	1203	3633	1.02	1.0	te_in_peak	1	n.s
LTR5	0	27	3633	0.02	1.0	te_in_peak	1	n.s
LTR108b_Mam	0	53	3633	0.04	1.0	te_in_peak	1	n.s
MER63B	2	2404	3633	2.04	1.0	te_in_peak	1	n.s
LTR108c_Mam	0	43	3633	0.04	1.0	te_in_peak	1	n.s
LTR84b	1	1274	3633	1.08	1.0	te_in_peak	1	n.s
EuthAT-N1a	0	46	3633	0.04	1.0	te_in_peak	1	n.s
Charlie9	1	1284	3633	1.09	1.0	te_in_peak	1	n.s
UCON99	0	56	3633	0.05	1.0	te_in_peak	1	n.s
LTR1C1	0	55	3633	0.05	1.0	te_in_peak	1	n.s
MamTip3	1	1155	3633	0.98	1.0	te_in_peak	1	n.s
CR1-L3B_Croc	0	37	3633	0.03	1.0	te_in_peak	1	n.s
MLT1M-int	0	1	3633	0.0	1.0	peak_in_te	1	n.s
MLT1M	2	2311	3633	1.96	1.0	te_in_peak	1	n.s
Merlin1_HS	0	57	3633	0.05	1.0	te_in_peak	1	n.s
CR1-8_Crp	0	7	3633	0.01	1.0	te_in_peak	1	n.s
MER31A	1	1261	3633	1.07	1.0	te_in_peak	1	n.s
LTR7Y	0	61	3633	0.05	1.0	te_in_peak	1	n.s
LTR18C	0	43	3633	0.04	1.0	te_in_peak	1	n.s
Charlie7b_Mars	0	59	3633	0.05	1.0	te_in_peak	1	n.s
MER3	9	10909	3633	9.24	1.0	te_in_peak	1	n.s
Chompy-6_Croc	0	16	3633	0.01	1.0	te_in_peak	1	n.s
Chompy-7_Croc	0	14	3633	0.01	1.0	te_in_peak	1	n.s
MER58D	1	1140	3633	0.97	1.0	te_in_peak	1	n.s
LTR1C3	0	64	3633	0.05	1.0	te_in_peak	1	n.s
MLT1O-int	0	12	3633	0.01	1.0	te_in_peak	1	n.s
X1_LR	0	15	3633	0.01	1.0	te_in_peak	1	n.s
MamRTE2	0	49	3633	0.04	1.0	te_in_peak	1	n.s
MamGypLTR1c	1	1081	3633	0.92	1.0	te_in_peak	1	n.s
LTR22C2	0	61	3633	0.05	1.0	te_in_peak	1	n.s
Charlie12	0	21	3633	0.02	1.0	te_in_peak	1	n.s
MamGypLTR1a	1	1091	3633	0.92	1.0	te_in_peak	1	n.s
LTR22C	0	16	3633	0.01	1.0	te_in_peak	1	n.s
LTR22B2	0	40	3633	0.03	1.0	te_in_peak	1	n.s
CRP1	0	5	3633	0.0	1.0	te_in_peak	1	n.s
MSTA1-int	0	25	3633	0.04	1.0	peak_in_te	1	n.s
LTR21C	0	13	3633	0.01	1.0	te_in_peak	1	n.s
Charlie18a	2	2463	3633	2.09	1.0	te_in_peak	1	n.s
LTR21B	0	19	3633	0.02	1.0	te_in_peak	1	n.s
X23_DNA	0	59	3633	0.05	1.0	te_in_peak	1	n.s
X22_DNA	0	24	3633	0.02	1.0	te_in_peak	1	n.s
X21_LINE	0	45	3633	0.04	1.0	te_in_peak	1	n.s
MER5A	31	34906	3633	29.56	1.0	te_in_peak	1	n.s
Arthur1A	1	1160	3633	0.98	1.0	te_in_peak	1	n.s
UCON97	0	42	3633	0.04	1.0	te_in_peak	1	n.s
Eulor7	0	12	3633	0.01	1.0	te_in_peak	1	n.s
Eulor5B	0	43	3633	0.04	1.0	te_in_peak	1	n.s
Eulor6C	0	21	3633	0.02	1.0	te_in_peak	1	n.s
LTR3	0	51	3633	0.04	1.0	te_in_peak	1	n.s
Eulor3	0	37	3633	0.03	1.0	te_in_peak	1	n.s
Eulor2C	0	38	3633	0.03	1.0	te_in_peak	1	n.s
Eulor2B	0	57	3633	0.05	1.0	te_in_peak	1	n.s
Eulor6E	0	31	3633	0.03	1.0	te_in_peak	1	n.s
Eulor12	0	60	3633	0.05	1.0	te_in_peak	1	n.s
MER9B	0	21	3633	0.02	1.0	te_in_peak	1	n.s
Eulor10	0	39	3633	0.03	1.0	te_in_peak	1	n.s
Eulor6B	0	64	3633	0.05	1.0	te_in_peak	1	n.s
Eulor6A	0	30	3633	0.03	1.0	te_in_peak	1	n.s
LTR60	0	39	3633	0.03	1.0	te_in_peak	1	n.s
hAT-16_Crp	0	20	3633	0.02	1.0	te_in_peak	1	n.s
L1P4c	0	43	3633	0.04	1.0	te_in_peak	1	n.s
Eulor9B	0	27	3633	0.02	1.0	te_in_peak	1	n.s
MER5A1	14	15942	3633	13.5	1.0	te_in_peak	1	n.s
EutTc1-N1	0	56	3633	0.05	1.0	te_in_peak	1	n.s
UCON89	0	48	3633	0.04	1.0	te_in_peak	1	n.s
UCON83	0	50	3633	0.04	1.0	te_in_peak	1	n.s
LTR16E2	2	2306	3633	1.95	1.0	te_in_peak	1	n.s
LTR47B3	0	93	3633	0.08	0.9	te_in_peak	1	n.s
MLT1G-int	0	165	3633	0.16	0.9	peak_in_te	1	n.s
LTR59	0	105	3633	0.09	0.9	te_in_peak	1	n.s
MER88	0	112	3633	0.09	0.9	te_in_peak	1	n.s
MER83C	0	115	3633	0.1	0.9	te_in_peak	1	n.s
LTR47B4	0	99	3633	0.08	0.9	te_in_peak	1	n.s
LTR53B	0	178	3633	0.15	0.9	te_in_peak	1	n.s
LTR69	0	139	3633	0.12	0.9	te_in_peak	1	n.s
MSTB2-int	0	85	3633	0.14	0.9	peak_in_te	1	n.s
LTR6B	0	99	3633	0.08	0.9	te_in_peak	1	n.s
LTR61	0	118	3633	0.1	0.9	te_in_peak	1	n.s
L1P4b	0	155	3633	0.17	0.9	peak_in_te	1	n.s
MER83A-int	0	88	3633	0.1	0.9	peak_in_te	1	n.s
MER84-int	0	118	3633	0.13	0.9	peak_in_te	1	n.s
L1P	0	161	3633	0.14	0.9	te_in_peak	1	n.s
LTR47B2	0	150	3633	0.13	0.9	te_in_peak	1	n.s
MLT1K-int	0	195	3633	0.17	0.9	te_in_peak	1	n.s
MLT1F1-int	0	146	3633	0.15	0.9	peak_in_te	1	n.s
MLT1L-int	0	103	3633	0.09	0.9	te_in_peak	1	n.s
MLT1E1A-int	0	81	3633	0.09	0.9	peak_in_te	1	n.s
L1P3b	0	83	3633	0.07	0.9	te_in_peak	1	n.s
MER87	0	163	3633	0.14	0.9	te_in_peak	1	n.s
MER87B	0	199	3633	0.17	0.9	te_in_peak	1	n.s
MER83B	0	126	3633	0.11	0.9	te_in_peak	1	n.s
MLT1N2-int	0	69	3633	0.06	0.9	te_in_peak	1	n.s
MLT1E3-int	0	65	3633	0.06	0.9	peak_in_te	1	n.s
LTR52-int	0	145	3633	0.13	0.9	peak_in_te	1	n.s
MLT2F	1	1544	3633	1.31	0.9	te_in_peak	1	n.s
LTR58	0	74	3633	0.06	0.9	te_in_peak	1	n.s
LTR10D	0	166	3633	0.14	0.9	te_in_peak	1	n.s
LTR46-int	0	64	3633	0.16	0.9	peak_in_te	1	n.s
LTR46	0	181	3633	0.15	0.9	te_in_peak	1	n.s
LTR30	0	101	3633	0.09	0.9	te_in_peak	1	n.s
MER9a2	0	194	3633	0.16	0.9	te_in_peak	1	n.s
LTR2C	0	177	3633	0.15	0.9	te_in_peak	1	n.s
LTR28	0	131	3633	0.13	0.9	peak_in_te	1	n.s
LTR16D1	0	204	3633	0.17	0.9	te_in_peak	1	n.s
LTR27E	0	170	3633	0.16	0.9	peak_in_te	1	n.s
MER97d	0	137	3633	0.12	0.9	te_in_peak	1	n.s
LTR18A	0	78	3633	0.07	0.9	te_in_peak	1	n.s
LTR27C	0	110	3633	0.09	0.9	te_in_peak	1	n.s
LTR27B	0	139	3633	0.12	0.9	te_in_peak	1	n.s
LTR19C	0	104	3633	0.09	0.9	te_in_peak	1	n.s
LTR26E	0	117	3633	0.1	0.9	te_in_peak	1	n.s
LTR26D	0	196	3633	0.17	0.9	te_in_peak	1	n.s
LTR1B0	0	91	3633	0.08	0.9	peak_in_te	1	n.s
LTR1B1	0	164	3633	0.14	0.9	te_in_peak	1	n.s
LTR1C	0	65	3633	0.06	0.9	te_in_peak	1	n.s
LTR26B	0	135	3633	0.11	0.9	te_in_peak	1	n.s
LTR25	0	202	3633	0.17	0.9	te_in_peak	1	n.s
LTR1F	0	121	3633	0.1	0.9	te_in_peak	1	n.s
LTR1F1	0	203	3633	0.17	0.9	te_in_peak	1	n.s
LTR1F2	0	133	3633	0.11	0.9	te_in_peak	1	n.s
LTR21A	0	67	3633	0.06	0.9	te_in_peak	1	n.s
LTR22	0	78	3633	0.07	0.9	te_in_peak	1	n.s
LTR22A	0	117	3633	0.1	0.9	te_in_peak	1	n.s
LTR22B	0	122	3633	0.1	0.9	te_in_peak	1	n.s
LTR22B1	0	106	3633	0.09	0.9	te_in_peak	1	n.s
LTR22C0	0	77	3633	0.07	0.9	te_in_peak	1	n.s
LTR22E	0	73	3633	0.06	0.9	te_in_peak	1	n.s
MER97b	0	173	3633	0.15	0.9	te_in_peak	1	n.s
LTR14C	0	99	3633	0.08	0.9	te_in_peak	1	n.s
LTR14A	0	85	3633	0.07	0.9	te_in_peak	1	n.s
LTR14	0	74	3633	0.06	0.9	te_in_peak	1	n.s
LTR38A1	0	153	3633	0.13	0.9	te_in_peak	1	n.s
LTR45	0	174	3633	0.15	0.9	te_in_peak	1	n.s
AluYh9	0	168	3633	0.14	0.9	te_in_peak	1	n.s
AluYh3a3	0	158	3633	0.13	0.9	te_in_peak	1	n.s
LTR43-int	0	124	3633	0.13	0.9	peak_in_te	1	n.s
LTR4	0	72	3633	0.06	0.9	te_in_peak	1	n.s
LTR3B_	0	172	3633	0.15	0.9	te_in_peak	1	n.s
X5B_LINE	0	73	3633	0.06	0.9	te_in_peak	1	n.s
LTR3A	0	103	3633	0.09	0.9	te_in_peak	1	n.s
LTR06	0	98	3633	0.08	0.9	te_in_peak	1	n.s
LTR39-int	0	162	3633	0.14	0.9	te_in_peak	1	n.s
MER92A	0	151	3633	0.13	0.9	te_in_peak	1	n.s
LTR38C	0	127	3633	0.11	0.9	te_in_peak	1	n.s
AluYe6	0	193	3633	0.16	0.9	te_in_peak	1	n.s
LTR108a_Mam	0	85	3633	0.07	0.9	te_in_peak	1	n.s
MER95	0	139	3633	0.12	0.9	te_in_peak	1	n.s
LTR108d_Mam	0	65	3633	0.06	0.9	te_in_peak	1	n.s
LTR108e_Mam	0	166	3633	0.14	0.9	te_in_peak	1	n.s
LTR38-int	0	103	3633	0.09	0.9	te_in_peak	1	n.s
LTR71A	0	101	3633	0.09	0.9	te_in_peak	1	n.s
LTR10B1	0	114	3633	0.1	0.9	te_in_peak	1	n.s
LTR10E	0	205	3633	0.17	0.9	te_in_peak	1	n.s
LTR10G	0	80	3633	0.07	0.9	te_in_peak	1	n.s
MER92C	0	128	3633	0.11	0.9	te_in_peak	1	n.s
LTR35B	0	202	3633	0.17	0.9	te_in_peak	1	n.s
LTR35A	0	72	3633	0.06	0.9	te_in_peak	1	n.s
LTR35	0	104	3633	0.09	0.9	te_in_peak	1	n.s
LTR12E	0	106	3633	0.12	0.9	peak_in_te	1	n.s
MER92D	0	172	3633	0.15	0.9	te_in_peak	1	n.s
LTR70	0	148	3633	0.13	0.9	te_in_peak	1	n.s
MER72B	0	184	3633	0.16	0.9	te_in_peak	1	n.s
LTR71B	0	181	3633	0.15	0.9	te_in_peak	1	n.s
MER125	0	140	3633	0.12	0.9	te_in_peak	1	n.s
Eulor9A	0	123	3633	0.1	0.9	te_in_peak	1	n.s
Eulor9C	0	107	3633	0.09	0.9	te_in_peak	1	n.s
EutTc1-N2	0	198	3633	0.17	0.9	te_in_peak	1	n.s
EuthAT-N1	0	78	3633	0.07	0.9	te_in_peak	1	n.s
UCON8	0	206	3633	0.17	0.9	te_in_peak	1	n.s
MER134	0	89	3633	0.08	0.9	te_in_peak	1	n.s
CR1-13_AMi	0	102	3633	0.09	0.9	te_in_peak	1	n.s
FAM	3	4262	3633	3.61	0.9	te_in_peak	1	n.s
UCON78	0	179	3633	0.15	0.9	te_in_peak	1	n.s
CR1-12_AMi	0	133	3633	0.11	0.9	te_in_peak	1	n.s
MER130	0	181	3633	0.15	0.9	te_in_peak	1	n.s
UCON7	0	127	3633	0.11	0.9	te_in_peak	1	n.s
MER129	0	122	3633	0.1	0.9	te_in_peak	1	n.s
HERV1_I-int	0	30	3633	0.15	0.9	peak_in_te	1	n.s
MER61F	0	126	3633	0.11	0.9	te_in_peak	1	n.s
Eulor6D	0	75	3633	0.06	0.9	te_in_peak	1	n.s
UCON49	0	106	3633	0.09	0.9	te_in_peak	1	n.s
Zaphod5b	0	74	3633	0.06	0.9	te_in_peak	1	n.s
MER65B	0	193	3633	0.16	0.9	te_in_peak	1	n.s
UCON39	0	107	3633	0.09	0.9	te_in_peak	1	n.s
Zaphod5a	0	78	3633	0.07	0.9	te_in_peak	1	n.s
UCON37	0	174	3633	0.15	0.9	te_in_peak	1	n.s
LTR72	0	153	3633	0.13	0.9	te_in_peak	1	n.s
HERVK11D-int	0	32	3633	0.15	0.9	peak_in_te	1	n.s
HERVKC4-int	0	52	3633	0.11	0.9	peak_in_te	1	n.s
UCON2	0	135	3633	0.11	0.9	te_in_peak	1	n.s
UCON14	0	98	3633	0.08	0.9	te_in_peak	1	n.s
HERVL32-int	0	89	3633	0.12	0.9	peak_in_te	1	n.s
HERVL66-int	0	67	3633	0.14	0.9	peak_in_te	1	n.s
AluSq10	1	1528	3633	1.29	0.9	te_in_peak	1	n.s
Eulor8	0	144	3633	0.12	0.9	te_in_peak	1	n.s
Eulor5A	0	126	3633	0.11	0.9	te_in_peak	1	n.s
MER66B	1	1352	3633	1.14	0.9	te_in_peak	1	n.s
hAT-1_Mam	1	1468	3633	1.24	0.9	te_in_peak	1	n.s
MER50C	0	67	3633	0.06	0.9	te_in_peak	1	n.s
Chap1a_Mam	1	1415	3633	1.2	0.9	te_in_peak	1	n.s
Charlie11	0	104	3633	0.09	0.9	te_in_peak	1	n.s
MER51C	0	158	3633	0.13	0.9	te_in_peak	1	n.s
MER51D	0	150	3633	0.13	0.9	te_in_peak	1	n.s
MER48	0	106	3633	0.09	0.9	te_in_peak	1	n.s
MER51E	0	187	3633	0.16	0.9	te_in_peak	1	n.s
MER46C	2	2812	3633	2.38	0.9	te_in_peak	1	n.s
MER45B	1	1314	3633	1.11	0.9	te_in_peak	1	n.s
MER41G	0	113	3633	0.1	0.9	te_in_peak	1	n.s
MER57C1	0	183	3633	0.15	0.9	te_in_peak	1	n.s
X20_LINE	0	161	3633	0.14	0.9	te_in_peak	1	n.s
Charlie23a	1	1488	3633	1.26	0.9	te_in_peak	1	n.s
X1_LINE	0	85	3633	0.07	0.9	te_in_peak	1	n.s
MER34C	0	182	3633	0.15	0.9	te_in_peak	1	n.s
Eulor2A	0	67	3633	0.06	0.9	te_in_peak	1	n.s
X13_LINE	0	139	3633	0.12	0.9	te_in_peak	1	n.s
MER57E2	0	76	3633	0.06	0.9	te_in_peak	1	n.s
MER34A	1	1383	3633	1.17	0.9	te_in_peak	1	n.s
X12_DNA	1	1374	3633	1.16	0.9	te_in_peak	1	n.s
MER33	7	9580	3633	8.11	0.9	te_in_peak	1	n.s
MER58B	5	7005	3633	5.93	0.9	te_in_peak	1	n.s
Charlie7a	1	1424	3633	1.21	0.9	te_in_peak	1	n.s
DNA1_Mam	0	169	3633	0.14	0.9	te_in_peak	1	n.s
UCON86	0	66	3633	0.06	0.9	te_in_peak	1	n.s
EUTREP15	0	196	3633	0.17	0.9	te_in_peak	1	n.s
X2_LINE	0	191	3633	0.16	0.9	te_in_peak	1	n.s
CR1-1_Amn	0	66	3633	0.06	0.9	te_in_peak	1	n.s
Eulor1	0	86	3633	0.07	0.9	te_in_peak	1	n.s
Eulor11	0	101	3633	0.09	0.9	te_in_peak	1	n.s
Tigger6b	0	174	3633	0.15	0.9	te_in_peak	1	n.s
UCON33	0	133	3633	0.11	0.9	te_in_peak	1	n.s
LTR23-int	0	152	3633	0.13	0.9	te_in_peak	1	n.s
LTR79	3	4043	3633	3.42	0.9	te_in_peak	1	n.s
LTR8B	1	1513	3633	1.28	0.9	te_in_peak	1	n.s
MER6C	0	160	3633	0.14	0.9	te_in_peak	1	n.s
LTR75_1	0	128	3633	0.11	0.9	te_in_peak	1	n.s
LTR88b	1	1559	3633	1.32	0.9	te_in_peak	1	n.s
LTR76	0	154	3633	0.13	0.9	te_in_peak	1	n.s
X33a_DNA	0	67	3633	0.06	0.9	te_in_peak	1	n.s
LTR77	0	100	3633	0.08	0.9	te_in_peak	1	n.s
MER76-int	0	119	3633	0.12	0.9	peak_in_te	1	n.s
Tigger10	1	1450	3633	1.23	0.9	te_in_peak	1	n.s
L1M2a1	0	120	3633	0.14	0.9	peak_in_te	1	n.s
THE1-int	0	199	3633	0.17	0.9	te_in_peak	1	n.s
LTR7C	0	203	3633	0.17	0.9	te_in_peak	1	n.s
Ricksha_b	0	117	3633	0.1	0.9	te_in_peak	1	n.s
MER75B	0	114	3633	0.1	0.9	te_in_peak	1	n.s
MER75A	0	92	3633	0.08	0.9	te_in_peak	1	n.s
MER74C	0	203	3633	0.17	0.9	te_in_peak	1	n.s
PrimLTR79	0	135	3633	0.11	0.9	te_in_peak	1	n.s
MER74A	1	1557	3633	1.32	0.9	te_in_peak	1	n.s
MER68C	0	161	3633	0.14	0.9	te_in_peak	1	n.s
Tigger17b	0	90	3633	0.08	0.9	te_in_peak	1	n.s
X4a_DNA	0	179	3633	0.15	0.9	te_in_peak	1	n.s
MARE10	0	79	3633	0.07	0.9	te_in_peak	1	n.s
LTR72B	0	162	3633	0.14	0.9	te_in_peak	1	n.s
X2b_DNA	0	185	3633	0.16	0.9	te_in_peak	1	n.s
AluYk11	0	171	3633	0.14	0.9	te_in_peak	1	n.s
AluYk12	0	100	3633	0.08	0.9	te_in_peak	1	n.s
LTR75B	0	179	3633	0.15	0.9	te_in_peak	1	n.s
Tigger21a	0	169	3633	0.14	0.9	te_in_peak	1	n.s
MARE6	0	189	3633	0.16	0.9	te_in_peak	1	n.s
X34_DNA	0	99	3633	0.08	0.9	te_in_peak	1	n.s
PRIMAX-int	0	70	3633	0.06	0.9	te_in_peak	1	n.s
Tigger4	1	1445	3633	1.22	0.9	te_in_peak	1	n.s
LTR9C	0	107	3633	0.09	0.9	te_in_peak	1	n.s
LTR60B	0	243	3633	0.21	0.8	te_in_peak	1	n.s
MER30B	0	223	3633	0.19	0.8	te_in_peak	1	n.s
MER73	0	275	3633	0.23	0.8	te_in_peak	1	n.s
MER34D	0	235	3633	0.2	0.8	te_in_peak	1	n.s
LTR73	0	214	3633	0.18	0.8	te_in_peak	1	n.s
LTR5A	0	221	3633	0.27	0.8	peak_in_te	1	n.s
LTR62	0	305	3633	0.26	0.8	te_in_peak	1	n.s
LTR64	0	370	3633	0.31	0.8	te_in_peak	1	n.s
LTR27D	0	213	3633	0.18	0.8	te_in_peak	1	n.s
LTR81AB	0	266	3633	0.23	0.8	te_in_peak	1	n.s
LTR6A	0	218	3633	0.18	0.8	te_in_peak	1	n.s
LTR81	0	321	3633	0.27	0.8	te_in_peak	1	n.s
LTR2752	0	205	3633	0.28	0.8	peak_in_te	1	n.s
hAT-N1_Mam	0	239	3633	0.2	0.8	te_in_peak	1	n.s
LTR27	0	299	3633	0.25	0.8	te_in_peak	1	n.s
LTR80A	0	390	3633	0.33	0.8	te_in_peak	1	n.s
MER57E3	0	243	3633	0.21	0.8	te_in_peak	1	n.s
LTR66	0	263	3633	0.22	0.8	te_in_peak	1	n.s
LTR28B	0	238	3633	0.23	0.8	peak_in_te	1	n.s
LTR26C	0	310	3633	0.26	0.8	te_in_peak	1	n.s
MER34-int	0	343	3633	0.29	0.8	te_in_peak	1	n.s
LTR68	0	350	3633	0.3	0.8	te_in_peak	1	n.s
hAT-4b_Ther	0	228	3633	0.19	0.8	te_in_peak	1	n.s
MER97a	0	277	3633	0.23	0.8	te_in_peak	1	n.s
LTR24C	0	358	3633	0.3	0.8	te_in_peak	1	n.s
MER101	0	325	3633	0.28	0.8	te_in_peak	1	n.s
LTR28C	0	212	3633	0.21	0.8	peak_in_te	1	n.s
Zaphod4a	0	373	3633	0.32	0.8	te_in_peak	1	n.s
MER127	0	211	3633	0.18	0.8	te_in_peak	1	n.s
MER126	0	267	3633	0.23	0.8	te_in_peak	1	n.s
MER70-int	0	199	3633	0.25	0.8	peak_in_te	1	n.s
MER11D	0	196	3633	0.2	0.8	peak_in_te	1	n.s
MER68-int	0	347	3633	0.29	0.8	te_in_peak	1	n.s
MER110-int	0	347	3633	0.29	0.8	te_in_peak	1	n.s
LTR38B	0	216	3633	0.18	0.8	te_in_peak	1	n.s
MER65D	0	385	3633	0.33	0.8	te_in_peak	1	n.s
LTR47A2	0	241	3633	0.2	0.8	te_in_peak	1	n.s
LTR2B	0	212	3633	0.18	0.8	te_in_peak	1	n.s
MARE4	0	308	3633	0.26	0.8	te_in_peak	1	n.s
MARE8	0	218	3633	0.18	0.8	te_in_peak	1	n.s
MER66A	0	293	3633	0.25	0.8	te_in_peak	1	n.s
LTR42	0	307	3633	0.26	0.8	te_in_peak	1	n.s
LTR43	0	368	3633	0.31	0.8	te_in_peak	1	n.s
MER102b	2	3128	3633	2.65	0.8	te_in_peak	1	n.s
LTR43B	0	241	3633	0.2	0.8	te_in_peak	1	n.s
MER101B	0	253	3633	0.21	0.8	te_in_peak	1	n.s
X8_LINE	0	223	3633	0.19	0.8	te_in_peak	1	n.s
LTR38	0	220	3633	0.19	0.8	te_in_peak	1	n.s
LTR86C	0	284	3633	0.24	0.8	te_in_peak	1	n.s
LTR86B2	0	272	3633	0.23	0.8	te_in_peak	1	n.s
LTR57-int	0	322	3633	0.27	0.8	te_in_peak	1	n.s
LTR57	0	210	3633	0.18	0.8	te_in_peak	1	n.s
MER83B-int	0	232	3633	0.21	0.8	peak_in_te	1	n.s
LTR55	0	378	3633	0.32	0.8	te_in_peak	1	n.s
LTR44	0	215	3633	0.18	0.8	te_in_peak	1	n.s
AluYa8	0	390	3633	0.33	0.8	te_in_peak	1	n.s
MER84	0	267	3633	0.23	0.8	te_in_peak	1	n.s
MER61B	0	315	3633	0.27	0.8	te_in_peak	1	n.s
LTR53-int	0	273	3633	0.28	0.8	peak_in_te	1	n.s
MER61C	0	247	3633	0.21	0.8	te_in_peak	1	n.s
MER61D	0	216	3633	0.18	0.8	te_in_peak	1	n.s
LTR34	0	259	3633	0.22	0.8	te_in_peak	1	n.s
MER70C	0	273	3633	0.23	0.8	te_in_peak	1	n.s
LTR86A2	0	305	3633	0.26	0.8	te_in_peak	1	n.s
LTR86B1	0	295	3633	0.25	0.8	te_in_peak	1	n.s
MER61E	0	292	3633	0.25	0.8	te_in_peak	1	n.s
LTR37A	1	1719	3633	1.46	0.8	te_in_peak	1	n.s
LTR24	0	272	3633	0.23	0.8	te_in_peak	1	n.s
Charlie1	1	1930	3633	1.63	0.8	te_in_peak	1	n.s
Tigger17c	0	342	3633	0.29	0.8	te_in_peak	1	n.s
MLT1F2-int	0	272	3633	0.28	0.8	peak_in_te	1	n.s
CR1-16_AMi	0	306	3633	0.26	0.8	te_in_peak	1	n.s
UCON34	0	339	3633	0.29	0.8	te_in_peak	1	n.s
HERVK14C-int	0	50	3633	0.2	0.8	peak_in_te	1	n.s
EUTREP7	0	275	3633	0.23	0.8	te_in_peak	1	n.s
EUTREP4	0	294	3633	0.25	0.8	te_in_peak	1	n.s
ERVL47-int	0	183	3633	0.23	0.8	peak_in_te	1	n.s
ERV24_Prim-int	0	373	3633	0.32	0.8	peak_in_te	1	n.s
ERV24B_Prim-int	0	325	3633	0.32	0.8	peak_in_te	1	n.s
X10b_DNA	0	298	3633	0.25	0.8	te_in_peak	1	n.s
UCON29	0	232	3633	0.2	0.8	te_in_peak	1	n.s
Charlie6	0	260	3633	0.22	0.8	te_in_peak	1	n.s
X11_DNA	0	268	3633	0.23	0.8	te_in_peak	1	n.s
L2-3_Crp	1	1730	3633	1.46	0.8	te_in_peak	1	n.s
HERVL74-int	0	237	3633	0.22	0.8	peak_in_te	1	n.s
CR1-L3A_Croc	0	323	3633	0.27	0.8	te_in_peak	1	n.s
Charlie32a	0	259	3633	0.22	0.8	te_in_peak	1	n.s
X12_LINE	0	221	3633	0.19	0.8	te_in_peak	1	n.s
L4_B_Mam	2	3247	3633	2.75	0.8	te_in_peak	1	n.s
Tigger6	0	230	3633	0.19	0.8	te_in_peak	1	n.s
X15_LINE	0	244	3633	0.21	0.8	te_in_peak	1	n.s
HERVFH21-int	0	94	3633	0.22	0.8	peak_in_te	1	n.s
Eutr2	0	230	3633	0.19	0.8	te_in_peak	1	n.s
FLAM_C	16	24406	3633	20.67	0.8	te_in_peak	1	n.s
Helitron1Nb_Mam	0	359	3633	0.3	0.8	te_in_peak	1	n.s
MLT1G1-int	0	274	3633	0.29	0.8	peak_in_te	1	n.s
MSTC-int	0	199	3633	0.28	0.8	peak_in_te	1	n.s
MSTB1-int	0	203	3633	0.32	0.8	peak_in_te	1	n.s
HERVH48-int	0	78	3633	0.31	0.8	peak_in_te	1	n.s
UCON40	0	241	3633	0.2	0.8	te_in_peak	1	n.s
L1MEa	0	355	3633	0.3	0.8	te_in_peak	1	n.s
UCON44	0	364	3633	0.31	0.8	te_in_peak	1	n.s
L1MEb	1	1672	3633	1.42	0.8	te_in_peak	1	n.s
MST-int	0	221	3633	0.19	0.8	te_in_peak	1	n.s
MLT2B5	0	348	3633	0.29	0.8	te_in_peak	1	n.s
HERVI-int	0	59	3633	0.22	0.8	peak_in_te	1	n.s
HERV30-int	0	43	3633	0.2	0.8	peak_in_te	1	n.s
UCON58	0	235	3633	0.2	0.8	te_in_peak	1	n.s
L1P4d	0	167	3633	0.19	0.8	peak_in_te	1	n.s
L1P4e	0	194	3633	0.19	0.8	peak_in_te	1	n.s
HERV15-int	0	51	3633	0.24	0.8	peak_in_te	1	n.s
MLT1H2-int	0	310	3633	0.26	0.8	te_in_peak	1	n.s
UCON38	0	207	3633	0.18	0.8	te_in_peak	1	n.s
UCON73	0	248	3633	0.21	0.8	te_in_peak	1	n.s
FordPrefect_a	0	281	3633	0.24	0.8	te_in_peak	1	n.s
MLT1G3-int	0	216	3633	0.2	0.8	peak_in_te	1	n.s
FRAM	13	20221	3633	17.12	0.8	te_in_peak	1	n.s
CR1_Mam	1	1695	3633	1.44	0.8	te_in_peak	1	n.s
X32_DNA	0	328	3633	0.28	0.8	te_in_peak	1	n.s
LTR13A	0	179	3633	0.18	0.8	peak_in_te	1	n.s
L1M2b	0	220	3633	0.2	0.8	peak_in_te	1	n.s
LTR15	0	211	3633	0.18	0.8	te_in_peak	1	n.s
MER9a3	0	361	3633	0.31	0.8	te_in_peak	1	n.s
LTR16A2	1	1813	3633	1.54	0.8	te_in_peak	1	n.s
Tigger17d	0	331	3633	0.28	0.8	te_in_peak	1	n.s
MER9a1	0	258	3633	0.22	0.8	te_in_peak	1	n.s
AluYb9	0	378	3633	0.32	0.8	te_in_peak	1	n.s
MER99	0	295	3633	0.25	0.8	te_in_peak	1	n.s
LTR16D2	0	281	3633	0.24	0.8	te_in_peak	1	n.s
Charlie10a	0	305	3633	0.26	0.8	te_in_peak	1	n.s
LTR18B	0	272	3633	0.23	0.8	te_in_peak	1	n.s
LTR19-int	0	157	3633	0.26	0.8	peak_in_te	1	n.s
LTR19A	0	340	3633	0.29	0.8	te_in_peak	1	n.s
LTR19B	0	246	3633	0.21	0.8	te_in_peak	1	n.s
LTR1A1	0	320	3633	0.28	0.8	peak_in_te	1	n.s
MER97c	0	215	3633	0.18	0.8	te_in_peak	1	n.s
LTR1B	0	289	3633	0.26	0.8	peak_in_te	1	n.s
LTR1D	0	284	3633	0.29	0.8	peak_in_te	1	n.s
LTR1D1	0	291	3633	0.26	0.8	peak_in_te	1	n.s
LTR1E	0	282	3633	0.25	0.8	peak_in_te	1	n.s
LTR14B	0	244	3633	0.21	0.8	te_in_peak	1	n.s
HERVFH19-int	0	101	3633	0.18	0.8	peak_in_te	1	n.s
LTR10A	0	263	3633	0.22	0.8	te_in_peak	1	n.s
MLT-int	0	385	3633	0.33	0.8	te_in_peak	1	n.s
AluYd8	0	224	3633	0.19	0.8	te_in_peak	1	n.s
PABL_B	0	331	3633	0.28	0.8	te_in_peak	1	n.s
PRIMA4-int	0	375	3633	0.32	0.8	te_in_peak	1	n.s
LTR10F	0	277	3633	0.23	0.8	te_in_peak	1	n.s
PRIMA4_LTR	0	293	3633	0.25	0.8	te_in_peak	1	n.s
LTR1	0	220	3633	0.19	0.8	te_in_peak	1	n.s
MLT1-int	0	208	3633	0.18	0.8	te_in_peak	1	n.s
Tigger4a	2	3497	3633	2.96	0.8	te_in_peak	1	n.s
Ricksha_0	0	384	3633	0.33	0.8	te_in_peak	1	n.s
Kanga1b	0	379	3633	0.32	0.8	te_in_peak	1	n.s
PABL_B-int	0	212	3633	0.26	0.8	peak_in_te	1	n.s
HUERS-P2-int	0	178	3633	0.43	0.7	peak_in_te	1	n.s
HERVIP10B3-int	0	161	3633	0.48	0.7	peak_in_te	1	n.s
X9b_DNA	0	601	3633	0.51	0.7	te_in_peak	1	n.s
MER65C	0	627	3633	0.53	0.7	te_in_peak	1	n.s
MER103C	5	8923	3633	7.56	0.7	te_in_peak	1	n.s
L1M3d	0	532	3633	0.45	0.7	te_in_peak	1	n.s
HERVP71A-int	0	202	3633	0.42	0.7	peak_in_te	1	n.s
LTR9B	0	539	3633	0.46	0.7	te_in_peak	1	n.s
LTR9A1	0	438	3633	0.37	0.7	te_in_peak	1	n.s
MER67A	0	469	3633	0.4	0.7	te_in_peak	1	n.s
L1M3b	0	564	3633	0.52	0.7	peak_in_te	1	n.s
Looper	0	531	3633	0.45	0.7	te_in_peak	1	n.s
MER67B	0	471	3633	0.4	0.7	te_in_peak	1	n.s
L1M2c	0	450	3633	0.48	0.7	peak_in_te	1	n.s
LTR90A	0	406	3633	0.34	0.7	te_in_peak	1	n.s
Tigger23a	0	583	3633	0.49	0.7	te_in_peak	1	n.s
MER110A	0	593	3633	0.5	0.7	te_in_peak	1	n.s
Tigger5	0	537	3633	0.45	0.7	te_in_peak	1	n.s
LTR90B	0	537	3633	0.45	0.7	te_in_peak	1	n.s
HERVK14-int	0	205	3633	0.43	0.7	peak_in_te	1	n.s
Helitron2Na_Mam	0	435	3633	0.37	0.7	te_in_peak	1	n.s
LTR24B	0	405	3633	0.34	0.7	te_in_peak	1	n.s
HERVE_a-int	0	138	3633	0.52	0.7	peak_in_te	1	n.s
MER41D	0	471	3633	0.4	0.7	te_in_peak	1	n.s
MER44A	1	2334	3633	1.98	0.7	te_in_peak	1	n.s
MER44B	1	2126	3633	1.8	0.7	te_in_peak	1	n.s
X24_LINE	0	550	3633	0.47	0.7	te_in_peak	1	n.s
AluJr	69	114124	3633	96.64	0.7	te_in_peak	1	n.s
Charlie17	0	535	3633	0.45	0.7	te_in_peak	1	n.s
MER45R	0	616	3633	0.52	0.7	te_in_peak	1	n.s
Chap1_Mam	0	484	3633	0.41	0.7	te_in_peak	1	n.s
MER52C	0	341	3633	0.38	0.7	peak_in_te	1	n.s
MER47B	0	618	3633	0.52	0.7	te_in_peak	1	n.s
Charlie14a	0	523	3633	0.44	0.7	te_in_peak	1	n.s
Charlie13b	0	404	3633	0.34	0.7	te_in_peak	1	n.s
Charlie13a	0	548	3633	0.46	0.7	te_in_peak	1	n.s
MER51B	0	527	3633	0.45	0.7	te_in_peak	1	n.s
MER4A1_	0	400	3633	0.34	0.7	te_in_peak	1	n.s
MER4C	0	565	3633	0.48	0.7	te_in_peak	1	n.s
AluJo	28	45868	3633	38.84	0.7	te_in_peak	1	n.s
MER4D0	0	399	3633	0.34	0.7	te_in_peak	1	n.s
Charlie17b	0	527	3633	0.45	0.7	te_in_peak	1	n.s
MER54B	0	431	3633	0.36	0.7	te_in_peak	1	n.s
HERV4_I-int	0	287	3633	0.37	0.7	peak_in_te	1	n.s
X24_DNA	0	456	3633	0.39	0.7	te_in_peak	1	n.s
HERV35I-int	0	491	3633	0.52	0.7	peak_in_te	1	n.s
UCON55	0	404	3633	0.34	0.7	te_in_peak	1	n.s
HAL1M8	1	2197	3633	1.86	0.7	te_in_peak	1	n.s
Eutr2B	0	433	3633	0.37	0.7	te_in_peak	1	n.s
Eutr16	0	520	3633	0.44	0.7	te_in_peak	1	n.s
Eutr11	0	597	3633	0.51	0.7	te_in_peak	1	n.s
L1M3de	0	499	3633	0.42	0.7	te_in_peak	1	n.s
Charlie7	2	3902	3633	3.3	0.7	te_in_peak	1	n.s
MER57F	0	411	3633	0.35	0.7	te_in_peak	1	n.s
Charlie30b	0	614	3633	0.52	0.7	te_in_peak	1	n.s
Charlie3	0	337	3633	0.36	0.7	peak_in_te	1	n.s
MER34B	0	615	3633	0.52	0.7	te_in_peak	1	n.s
MER34B-int	0	474	3633	0.4	0.7	te_in_peak	1	n.s
Charlie26a	0	513	3633	0.43	0.7	te_in_peak	1	n.s
MER57E1	0	497	3633	0.42	0.7	te_in_peak	1	n.s
MER57D	0	446	3633	0.38	0.7	te_in_peak	1	n.s
MER57C2	0	407	3633	0.34	0.7	te_in_peak	1	n.s
MER61A	0	550	3633	0.47	0.7	te_in_peak	1	n.s
Ricksha	0	410	3633	0.35	0.7	te_in_peak	1	n.s
MER70A	0	469	3633	0.4	0.7	te_in_peak	1	n.s
MLT1C2-int	0	387	3633	0.4	0.7	peak_in_te	1	n.s
L3	27	45293	3633	38.35	0.7	te_in_peak	1	n.s
AluYh7	0	462	3633	0.39	0.7	te_in_peak	1	n.s
AluYi6	0	454	3633	0.38	0.7	te_in_peak	1	n.s
LTR45B	0	441	3633	0.37	0.7	te_in_peak	1	n.s
LTR45C	0	422	3633	0.36	0.7	te_in_peak	1	n.s
L2-2_Mam	0	520	3633	0.44	0.7	te_in_peak	1	n.s
MLT1B-int	0	458	3633	0.42	0.7	peak_in_te	1	n.s
L2	33	54017	3633	45.74	0.7	te_in_peak	1	n.s
L1PBb	0	317	3633	0.45	0.7	peak_in_te	1	n.s
Tigger17a	1	2389	3633	2.02	0.7	te_in_peak	1	n.s
MER91A	2	3627	3633	3.07	0.7	te_in_peak	1	n.s
LTR51	0	407	3633	0.34	0.7	te_in_peak	1	n.s
MLT1F-int	0	486	3633	0.41	0.7	te_in_peak	1	n.s
LTR53	0	454	3633	0.38	0.7	te_in_peak	1	n.s
MLT1G3	1	2417	3633	2.05	0.7	te_in_peak	1	n.s
MLT1H1-int	0	354	3633	0.36	0.7	peak_in_te	1	n.s
MLT1H2	2	4176	3633	3.54	0.7	te_in_peak	1	n.s
LTR5B	0	380	3633	0.38	0.7	peak_in_te	1	n.s
MLT1J1-int	0	412	3633	0.35	0.7	te_in_peak	1	n.s
MLT1J2-int	0	493	3633	0.42	0.7	te_in_peak	1	n.s
MER89-int	0	607	3633	0.51	0.7	te_in_peak	1	n.s
LTR40c	0	548	3633	0.46	0.7	te_in_peak	1	n.s
LTR65	0	462	3633	0.39	0.7	te_in_peak	1	n.s
LTR12D	0	388	3633	0.43	0.7	peak_in_te	1	n.s
LTR26	0	580	3633	0.49	0.7	te_in_peak	1	n.s
LTR17	0	485	3633	0.41	0.7	te_in_peak	1	n.s
MER96B	1	2150	3633	1.82	0.7	te_in_peak	1	n.s
AluYc	4	6703	3633	5.68	0.7	te_in_peak	1	n.s
MERX	0	436	3633	0.37	0.7	te_in_peak	1	n.s
MER94B	0	622	3633	0.53	0.7	te_in_peak	1	n.s
LTR13	0	420	3633	0.48	0.7	peak_in_te	1	n.s
LTR12_	0	430	3633	0.36	0.7	te_in_peak	1	n.s
LTR12F	0	528	3633	0.45	0.7	te_in_peak	1	n.s
AluYc3	0	557	3633	0.47	0.7	te_in_peak	1	n.s
LTR40A1	0	557	3633	0.47	0.7	te_in_peak	1	n.s
LTR12B	0	135	3633	0.38	0.7	peak_in_te	1	n.s
LTR36	0	458	3633	0.39	0.7	te_in_peak	1	n.s
LTR12	0	600	3633	0.52	0.7	peak_in_te	1	n.s
LTR10C	0	481	3633	0.41	0.7	te_in_peak	1	n.s
LTR103b_Mam	0	598	3633	0.51	0.7	te_in_peak	1	n.s
X5a_DNA	0	423	3633	0.36	0.7	te_in_peak	1	n.s
LTR102_Mam	0	517	3633	0.44	0.7	te_in_peak	1	n.s
LFSINE_Vert	1	2292	3633	1.94	0.7	te_in_peak	1	n.s
MLT1A-int	0	380	3633	0.37	0.7	peak_in_te	1	n.s
MLT2E	0	400	3633	0.34	0.7	te_in_peak	1	n.s
MLT1E2	2	3738	3633	3.17	0.7	te_in_peak	1	n.s
hAT-N1a_Mam	0	461	3633	0.39	0.7	te_in_peak	1	n.s
LTR2	0	583	3633	0.49	0.7	te_in_peak	1	n.s
Mam_R4	0	551	3633	0.47	0.7	te_in_peak	1	n.s
MSTA1	0	500	3633	0.42	0.7	te_in_peak	1	n.s
MER76	0	628	3633	0.53	0.7	te_in_peak	1	n.s
OldhAT1	2	4209	3633	3.56	0.7	te_in_peak	1	n.s
LTR80B	0	505	3633	0.43	0.7	te_in_peak	1	n.s
MER81	2	3668	3633	3.11	0.7	te_in_peak	1	n.s
PABL_A	0	474	3633	0.4	0.7	te_in_peak	1	n.s
MamTip2b	4	6730	3633	5.7	0.7	te_in_peak	1	n.s
PABL_A-int	0	363	3633	0.47	0.7	peak_in_te	1	n.s
MamRep488	0	494	3633	0.42	0.7	te_in_peak	1	n.s
MER75	0	475	3633	0.4	0.7	te_in_peak	1	n.s
X7C_LINE	0	620	3633	0.53	0.7	te_in_peak	1	n.s
MamRTE1	5	8819	3633	7.47	0.7	te_in_peak	1	n.s
PRIMA41-int	0	364	3633	0.49	0.7	peak_in_te	1	n.s
LTR7B	0	461	3633	0.39	0.7	te_in_peak	1	n.s
MER83	0	414	3633	0.35	0.7	te_in_peak	1	n.s
LTR87	0	624	3633	0.53	0.7	te_in_peak	1	n.s
MamGypsy2-I	1	2287	3633	1.94	0.7	te_in_peak	1	n.s
Tigger11a	0	421	3633	0.36	0.7	te_in_peak	1	n.s
MER72	0	754	3633	0.64	0.6	te_in_peak	1	n.s
MER50B	0	664	3633	0.56	0.6	te_in_peak	1	n.s
MER57B1	0	819	3633	0.69	0.6	te_in_peak	1	n.s
MER57A1	0	846	3633	0.72	0.6	te_in_peak	1	n.s
X30_DNA	0	758	3633	0.64	0.6	te_in_peak	1	n.s
Tigger15a	2	4828	3633	4.09	0.6	te_in_peak	1	n.s
hAT-5_Mam	0	904	3633	0.77	0.6	te_in_peak	1	n.s
Tigger12A	0	744	3633	0.63	0.6	te_in_peak	1	n.s
Tigger12	0	876	3633	0.74	0.6	te_in_peak	1	n.s
MER51A	0	851	3633	0.72	0.6	te_in_peak	1	n.s
MER51-int	0	434	3633	0.54	0.6	peak_in_te	1	n.s
X26_DNA	0	957	3633	0.81	0.6	te_in_peak	1	n.s
MER54A	0	676	3633	0.57	0.6	te_in_peak	1	n.s
MER92B	0	796	3633	0.67	0.6	te_in_peak	1	n.s
X6b_DNA	0	959	3633	0.81	0.6	te_in_peak	1	n.s
MER52D	0	516	3633	0.69	0.6	peak_in_te	1	n.s
X9a_DNA	0	695	3633	0.59	0.6	te_in_peak	1	n.s
Tigger6a	0	674	3633	0.57	0.6	te_in_peak	1	n.s
SVA_C	0	486	3633	0.62	0.6	peak_in_te	1	n.s
SVA_B	0	801	3633	0.71	0.6	peak_in_te	1	n.s
MER74B	0	872	3633	0.74	0.6	te_in_peak	1	n.s
MSTA	8	15227	3633	12.89	0.6	te_in_peak	1	n.s
MER92-int	0	777	3633	0.66	0.6	te_in_peak	1	n.s
MLT1D-int	0	520	3633	0.54	0.6	peak_in_te	1	n.s
MER63C	0	890	3633	0.75	0.6	te_in_peak	1	n.s
MER65-int	0	839	3633	0.81	0.6	peak_in_te	1	n.s
MLT1J1	2	4361	3633	3.69	0.6	te_in_peak	1	n.s
MLT1I-int	0	728	3633	0.62	0.6	te_in_peak	1	n.s
MamGyp-int	0	634	3633	0.54	0.6	te_in_peak	1	n.s
MLT1H-int	0	731	3633	0.62	0.6	te_in_peak	1	n.s
MamGypLTR2b	0	884	3633	0.75	0.6	te_in_peak	1	n.s
MamGypLTR3	0	675	3633	0.57	0.6	te_in_peak	1	n.s
MamGypLTR4	0	710	3633	0.6	0.6	te_in_peak	1	n.s
X4b_DNA	0	699	3633	0.59	0.6	te_in_peak	1	n.s
MamGypsy2-LTR	0	904	3633	0.77	0.6	te_in_peak	1	n.s
MLT1E1A	1	2899	3633	2.45	0.6	te_in_peak	1	n.s
MLT1E1	0	903	3633	0.76	0.6	te_in_peak	1	n.s
MER6	0	812	3633	0.69	0.6	te_in_peak	1	n.s
MLT1D	8	17406	3633	14.74	0.6	te_in_peak	1	n.s
X7A_LINE	0	920	3633	0.78	0.6	te_in_peak	1	n.s
MLT1C2	7	15135	3633	12.82	0.6	te_in_peak	1	n.s
MER58C	1	2592	3633	2.19	0.6	te_in_peak	1	n.s
MamRep1894	0	686	3633	0.58	0.6	te_in_peak	1	n.s
X7B_LINE	0	934	3633	0.79	0.6	te_in_peak	1	n.s
MER58A	6	13479	3633	11.41	0.6	te_in_peak	1	n.s
MamTip1	0	756	3633	0.64	0.6	te_in_peak	1	n.s
MER66-int	0	541	3633	0.73	0.6	peak_in_te	1	n.s
MamTip3B	0	824	3633	0.7	0.6	te_in_peak	1	n.s
UCON105	0	638	3633	0.54	0.6	te_in_peak	1	n.s
MLT1A1-int	0	424	3633	0.62	0.6	peak_in_te	1	n.s
MLT1A1	3	6189	3633	5.24	0.6	te_in_peak	1	n.s
Tigger9b	0	754	3633	0.64	0.6	te_in_peak	1	n.s
MER90	0	697	3633	0.59	0.6	te_in_peak	1	n.s
Tigger8	0	938	3633	0.79	0.6	te_in_peak	1	n.s
X1_DNA	0	676	3633	0.57	0.6	te_in_peak	1	n.s
LTR7	0	683	3633	0.58	0.6	te_in_peak	1	n.s
L1P4a	0	601	3633	0.81	0.6	peak_in_te	1	n.s
Charlie21a	0	742	3633	0.63	0.6	te_in_peak	1	n.s
HERVS71-int	0	92	3633	0.56	0.6	peak_in_te	1	n.s
LTR48	0	891	3633	0.75	0.6	te_in_peak	1	n.s
HSMAR1	0	716	3633	0.61	0.6	te_in_peak	1	n.s
HUERS-P1-int	0	394	3633	0.7	0.6	peak_in_te	1	n.s
LTR52	0	882	3633	0.75	0.6	te_in_peak	1	n.s
LTR54B	0	734	3633	0.62	0.6	te_in_peak	1	n.s
LTR56	0	953	3633	0.81	0.6	te_in_peak	1	n.s
LTR5_Hs	0	566	3633	0.64	0.6	peak_in_te	1	n.s
HUERS-P3b-int	0	339	3633	0.63	0.6	peak_in_te	1	n.s
LTR78	2	4800	3633	4.06	0.6	te_in_peak	1	n.s
Kanga1	0	812	3633	0.69	0.6	te_in_peak	1	n.s
Kanga11a	0	883	3633	0.75	0.6	te_in_peak	1	n.s
LTR81A	0	852	3633	0.72	0.6	te_in_peak	1	n.s
MADE2	1	2664	3633	2.26	0.6	te_in_peak	1	n.s
Kanga1a	0	843	3633	0.71	0.6	te_in_peak	1	n.s
LTR81C	0	727	3633	0.62	0.6	te_in_peak	1	n.s
Kanga1c	0	826	3633	0.7	0.6	te_in_peak	1	n.s
LTR83	0	724	3633	0.61	0.6	te_in_peak	1	n.s
LTR84a	0	671	3633	0.57	0.6	te_in_peak	1	n.s
Charlie20a	0	869	3633	0.74	0.6	te_in_peak	1	n.s
L1P5	0	762	3633	0.65	0.6	te_in_peak	1	n.s
LTR88a	0	902	3633	0.76	0.6	te_in_peak	1	n.s
LTR89B	0	731	3633	0.62	0.6	te_in_peak	1	n.s
LTR9	0	651	3633	0.55	0.6	te_in_peak	1	n.s
Charlie1b	1	3033	3633	2.57	0.6	te_in_peak	1	n.s
L1M	0	748	3633	0.63	0.6	te_in_peak	1	n.s
LTR41C	0	757	3633	0.64	0.6	te_in_peak	1	n.s
LTR41B	0	845	3633	0.72	0.6	te_in_peak	1	n.s
HERVL18-int	0	174	3633	0.58	0.6	peak_in_te	1	n.s
HERVK3-int	0	196	3633	0.56	0.6	peak_in_te	1	n.s
L5	0	737	3633	0.62	0.6	te_in_peak	1	n.s
Eutr15	0	657	3633	0.56	0.6	te_in_peak	1	n.s
LOR1b	0	950	3633	0.8	0.6	te_in_peak	1	n.s
LTR103_Mam	0	746	3633	0.63	0.6	te_in_peak	1	n.s
L2-1_AMi	0	951	3633	0.81	0.6	te_in_peak	1	n.s
LTR105_Mam	0	666	3633	0.56	0.6	te_in_peak	1	n.s
LTR106_Mam	0	638	3633	0.54	0.6	te_in_peak	1	n.s
ERVL-int	0	713	3633	0.69	0.6	peak_in_te	1	n.s
HERV3-int	0	188	3633	0.6	0.6	peak_in_te	1	n.s
LTR16A1	1	2540	3633	2.15	0.6	te_in_peak	1	n.s
L1PBa1	0	441	3633	0.8	0.6	peak_in_te	1	n.s
HERV9N-int	0	183	3633	0.64	0.6	peak_in_te	1	n.s
LTR16E1	1	2465	3633	2.09	0.6	te_in_peak	1	n.s
LTR1A2	0	711	3633	0.6	0.6	te_in_peak	1	n.s
LTR23	0	802	3633	0.68	0.6	te_in_peak	1	n.s
LTR25-int	0	453	3633	0.8	0.6	peak_in_te	1	n.s
LTR29	0	660	3633	0.56	0.6	te_in_peak	1	n.s
HERVE-int	0	193	3633	0.7	0.6	peak_in_te	1	n.s
ERV3-16A3_LTR	0	898	3633	0.76	0.6	te_in_peak	1	n.s
HERVIP10F-int	0	203	3633	0.65	0.6	peak_in_te	1	n.s
Charlie31a	0	803	3633	0.68	0.6	te_in_peak	1	n.s
LTR33C	0	905	3633	0.77	0.6	te_in_peak	1	n.s
HERVIP10FH-int	0	320	3633	0.58	0.6	peak_in_te	1	n.s
HERVK-int	0	173	3633	0.8	0.6	peak_in_te	1	n.s
HERVK11-int	0	134	3633	0.65	0.6	peak_in_te	1	n.s
LTR9D	0	676	3633	0.57	0.6	te_in_peak	1	n.s
HAL1ME	3	7407	3633	6.27	0.6	te_in_peak	1	n.s
L1M3e	0	810	3633	0.69	0.6	te_in_peak	1	n.s
AluSq2	28	51711	3633	43.79	0.6	te_in_peak	1	n.s
MER135	0	818	3633	0.69	0.6	te_in_peak	1	n.s
L1ME3F	2	4605	3633	3.9	0.6	te_in_peak	1	n.s
L1M3f	0	671	3633	0.7	0.6	peak_in_te	1	n.s
AluYj4	1	2787	3633	2.36	0.6	te_in_peak	1	n.s
AluYh3	0	649	3633	0.55	0.6	te_in_peak	1	n.s
MER44D	0	638	3633	0.54	0.6	te_in_peak	1	n.s
AluYg6	0	811	3633	0.69	0.6	te_in_peak	1	n.s
MER41C	0	706	3633	0.6	0.6	te_in_peak	1	n.s
L1ME4a	14	29291	3633	24.8	0.6	te_in_peak	1	n.s
MER124	0	747	3633	0.63	0.6	te_in_peak	1	n.s
MER41B	1	2573	3633	2.18	0.6	te_in_peak	1	n.s
AluSx1	50	106483	3633	90.17	0.6	te_in_peak	1	n.s
L1M6B	0	730	3633	0.62	0.6	te_in_peak	1	n.s
AluSz6	19	40962	3633	34.69	0.6	te_in_peak	1	n.s
AluSz	59	118033	3633	99.95	0.6	te_in_peak	1	n.s
MER31-int	0	906	3633	0.77	0.6	te_in_peak	1	n.s
AluSx3	18	38631	3633	32.71	0.6	te_in_peak	1	n.s
MER39	1	3096	3633	2.62	0.6	te_in_peak	1	n.s
MER34A1	0	761	3633	0.64	0.6	te_in_peak	1	n.s
L1MA10	2	5109	3633	4.33	0.6	te_in_peak	1	n.s
MER115	1	2520	3633	2.13	0.6	te_in_peak	1	n.s
MER110	0	714	3633	0.6	0.6	te_in_peak	1	n.s
AluJr4	6	12307	3633	10.42	0.6	te_in_peak	1	n.s
AluSp	30	64572	3633	54.68	0.6	te_in_peak	1	n.s
MER4A	0	816	3633	0.69	0.6	te_in_peak	1	n.s
L1MEg2	0	755	3633	0.64	0.6	te_in_peak	1	n.s
L1M3a	0	636	3633	0.54	0.6	te_in_peak	1	n.s
MER11B	0	481	3633	0.59	0.6	peak_in_te	1	n.s
MER47C	0	762	3633	0.65	0.6	te_in_peak	1	n.s
L1M2a	0	489	3633	0.56	0.6	peak_in_te	1	n.s
MER121	0	927	3633	0.78	0.6	te_in_peak	1	n.s
MER105	0	714	3633	0.6	0.6	te_in_peak	1	n.s
L1ME3C	1	3264	3633	2.76	0.5	te_in_peak	1	n.s
Ricksha_c	0	982	3633	0.83	0.5	te_in_peak	1	n.s
L1MDb	0	971	3633	0.82	0.5	te_in_peak	1	n.s
MLT1B	7	16600	3633	14.06	0.5	te_in_peak	1	n.s
MamGypLTR1b	0	1209	3633	1.02	0.5	te_in_peak	1	n.s
L1MD3	2	5356	3633	4.54	0.5	te_in_peak	1	n.s
Plat_L3	1	3315	3633	2.81	0.5	te_in_peak	1	n.s
Penelope1_Vert	0	1097	3633	0.93	0.5	te_in_peak	1	n.s
MamRep1151	0	1257	3633	1.06	0.5	te_in_peak	1	n.s
MamSINE1	2	5836	3633	4.94	0.5	te_in_peak	1	n.s
MamRep1527	0	1265	3633	1.07	0.5	te_in_peak	1	n.s
HERV9NC-int	0	199	3633	1.12	0.5	peak_in_te	1	n.s
MLT1C	2	6141	3633	5.2	0.5	te_in_peak	1	n.s
MSTD-int	0	687	3633	1.0	0.5	peak_in_te	1	n.s
Tigger20a	0	1356	3633	1.15	0.5	te_in_peak	1	n.s
Tigger9a	0	1026	3633	0.87	0.5	te_in_peak	1	n.s
HERVK22-int	0	296	3633	0.85	0.5	peak_in_te	1	n.s
L1M3c	0	1070	3633	0.91	0.5	te_in_peak	1	n.s
MLT1L	4	11150	3633	9.44	0.5	te_in_peak	1	n.s
MLT1N2	2	5493	3633	4.65	0.5	te_in_peak	1	n.s
Tigger3	0	1147	3633	0.97	0.5	te_in_peak	1	n.s
MLT1J2	2	6138	3633	5.2	0.5	te_in_peak	1	n.s
L1P4	1	3775	3633	3.2	0.5	te_in_peak	1	n.s
MLT1A0-int	0	839	3633	1.0	0.5	peak_in_te	1	n.s
MLT1J-int	0	1267	3633	1.07	0.5	te_in_peak	1	n.s
MLT1J	5	14249	3633	12.07	0.5	te_in_peak	1	n.s
MLT1I	4	10098	3633	8.55	0.5	te_in_peak	1	n.s
L1MEg1	0	1013	3633	0.86	0.5	te_in_peak	1	n.s
Tigger18a	0	1259	3633	1.07	0.5	te_in_peak	1	n.s
MLT1H1	1	3143	3633	2.66	0.5	te_in_peak	1	n.s
MLT1H	3	9039	3633	7.65	0.5	te_in_peak	1	n.s
MER4E1	0	1034	3633	0.88	0.5	te_in_peak	1	n.s
Harlequin-int	0	286	3633	1.18	0.5	peak_in_te	1	n.s
MLT1G1	1	3176	3633	2.69	0.5	te_in_peak	1	n.s
Tigger16b	0	1329	3633	1.13	0.5	te_in_peak	1	n.s
Tigger14a	0	1293	3633	1.09	0.5	te_in_peak	1	n.s
MLT2C2	0	1303	3633	1.1	0.5	te_in_peak	1	n.s
HUERS-P3-int	0	445	3633	0.92	0.5	peak_in_te	1	n.s
MLT2D	1	3767	3633	3.19	0.5	te_in_peak	1	n.s
Tigger13a	1	3113	3633	2.64	0.5	te_in_peak	1	n.s
Tigger22N1	0	1102	3633	0.93	0.5	te_in_peak	1	n.s
L1M6	2	5357	3633	4.54	0.5	te_in_peak	1	n.s
MLT1F	1	3885	3633	3.29	0.5	te_in_peak	1	n.s
HERVL40-int	0	988	3633	0.84	0.5	te_in_peak	1	n.s
Alu	3	7748	3633	6.56	0.5	te_in_peak	1	n.s
Cheshire	0	1020	3633	0.86	0.5	te_in_peak	1	n.s
MER68	0	1386	3633	1.17	0.5	te_in_peak	1	n.s
X6A_LINE	0	1033	3633	0.87	0.5	te_in_peak	1	n.s
AluYk2	2	6622	3633	5.61	0.5	te_in_peak	1	n.s
MER131	0	1106	3633	0.94	0.5	te_in_peak	1	n.s
AluYk4	0	1095	3633	0.93	0.5	te_in_peak	1	n.s
MER11C	0	803	3633	1.03	0.5	peak_in_te	1	n.s
Arthur2	0	989	3633	0.84	0.5	te_in_peak	1	n.s
MER65A	0	1134	3633	0.96	0.5	te_in_peak	1	n.s
MER11A	0	878	3633	1.08	0.5	peak_in_te	1	n.s
MER101-int	0	970	3633	0.82	0.5	te_in_peak	1	n.s
CR1-3_Croc	0	1338	3633	1.13	0.5	te_in_peak	1	n.s
Charlie17a	0	1214	3633	1.03	0.5	te_in_peak	1	n.s
MER67D	0	1009	3633	0.85	0.5	te_in_peak	1	n.s
MER6A	0	1009	3633	0.85	0.5	te_in_peak	1	n.s
LTR8A	0	1372	3633	1.16	0.5	te_in_peak	1	n.s
LTR89	0	1093	3633	0.93	0.5	te_in_peak	1	n.s
LTR88c	0	1038	3633	0.88	0.5	te_in_peak	1	n.s
MER20	7	16757	3633	14.19	0.5	te_in_peak	1	n.s
MER5C	0	1336	3633	1.13	0.5	te_in_peak	1	n.s
LTR85b	0	1176	3633	1.0	0.5	te_in_peak	1	n.s
MER21-int	0	951	3633	0.83	0.5	peak_in_te	1	n.s
MER4D1	0	1441	3633	1.22	0.5	te_in_peak	1	n.s
MER4D	0	1264	3633	1.07	0.5	te_in_peak	1	n.s
MER4B-int	0	1147	3633	1.07	0.5	peak_in_te	1	n.s
AluSg4	4	11821	3633	10.01	0.5	te_in_peak	1	n.s
MER49	0	1195	3633	1.01	0.5	te_in_peak	1	n.s
MER52-int	0	359	3633	0.83	0.5	peak_in_te	1	n.s
MER45C	0	1197	3633	1.01	0.5	te_in_peak	1	n.s
MER44C	0	1091	3633	0.92	0.5	te_in_peak	1	n.s
AluSx	51	124945	3633	105.8	0.5	te_in_peak	1	n.s
MER57B2	0	972	3633	0.82	0.5	te_in_peak	1	n.s
MER39B	0	1164	3633	0.99	0.5	te_in_peak	1	n.s
MER34	0	1222	3633	1.03	0.5	te_in_peak	1	n.s
MER31B	0	1389	3633	1.18	0.5	te_in_peak	1	n.s
AluYa5	1	3782	3633	3.2	0.5	te_in_peak	1	n.s
AluYe5	0	1297	3633	1.1	0.5	te_in_peak	1	n.s
LTR85c	0	1149	3633	0.97	0.5	te_in_peak	1	n.s
MamGypLTR2c	0	1035	3633	0.88	0.5	te_in_peak	1	n.s
MER91B	0	1442	3633	1.22	0.5	te_in_peak	1	n.s
LTR54	0	1096	3633	0.93	0.5	te_in_peak	1	n.s
LTR33	3	9223	3633	7.81	0.5	te_in_peak	1	n.s
LTR39	0	1198	3633	1.01	0.5	te_in_peak	1	n.s
Charlie29b	0	1420	3633	1.2	0.5	te_in_peak	1	n.s
LTR40b	0	993	3633	0.84	0.5	te_in_peak	1	n.s
LTR16D	0	1110	3633	0.94	0.5	te_in_peak	1	n.s
LTR16B2	0	1337	3633	1.13	0.5	te_in_peak	1	n.s
LTR41	0	1124	3633	0.95	0.5	te_in_peak	1	n.s
MER90a	0	1247	3633	1.06	0.5	te_in_peak	1	n.s
MER89	0	1174	3633	0.99	0.5	te_in_peak	1	n.s
LTR49	0	1217	3633	1.03	0.5	te_in_peak	1	n.s
LTR16B1	0	1038	3633	0.88	0.5	te_in_peak	1	n.s
MamGypLTR3a	0	1322	3633	1.12	0.5	te_in_peak	1	n.s
Charlie29a	0	978	3633	0.83	0.5	te_in_peak	1	n.s
X17_LINE	0	966	3633	0.82	0.5	te_in_peak	1	n.s
LTR67B	1	3420	3633	2.9	0.5	te_in_peak	1	n.s
Eutr10	0	997	3633	0.84	0.5	te_in_peak	1	n.s
LTR82B	0	1152	3633	0.98	0.5	te_in_peak	1	n.s
LTR82A	0	1036	3633	0.88	0.5	te_in_peak	1	n.s
LTR81B	0	1154	3633	0.98	0.5	te_in_peak	1	n.s
Charlie24	0	1286	3633	1.09	0.5	te_in_peak	1	n.s
LTR16A	1	3590	3633	3.04	0.5	te_in_peak	1	n.s
LOR1-int	0	978	3633	1.05	0.5	peak_in_te	1	n.s
MER77	0	1268	3633	1.07	0.5	te_in_peak	1	n.s
MER77B	0	1224	3633	1.04	0.5	te_in_peak	1	n.s
EuthAT-2	0	1150	3633	0.97	0.5	te_in_peak	1	n.s
Charlie25	0	1076	3633	0.91	0.5	te_in_peak	1	n.s
AluJb	54	117273	3633	99.31	0.5	te_in_peak	1	n.s
LTR37-int	0	1171	3633	0.99	0.5	te_in_peak	1	n.s
AluSq	3	12256	3633	10.38	0.4	te_in_peak	1	n.s
HERV9-int	0	266	3633	1.29	0.4	peak_in_te	1	n.s
MamRep434	0	2112	3633	1.79	0.4	te_in_peak	1	n.s
L1ME2z	2	7272	3633	6.16	0.4	te_in_peak	1	n.s
L1MCb	0	2145	3633	1.82	0.4	te_in_peak	1	n.s
AluSq4	0	1638	3633	1.39	0.4	te_in_peak	1	n.s
Tigger3a	1	5323	3633	4.51	0.4	te_in_peak	1	n.s
Charlie2a	0	2080	3633	1.76	0.4	te_in_peak	1	n.s
L1M8	0	1662	3633	1.41	0.4	te_in_peak	1	n.s
THE1A	0	1919	3633	1.63	0.4	te_in_peak	1	n.s
AluYf1	0	1999	3633	1.69	0.4	te_in_peak	1	n.s
HERVK9-int	0	295	3633	1.52	0.4	peak_in_te	1	n.s
Kanga2_a	0	1534	3633	1.3	0.4	te_in_peak	1	n.s
L1M4a2	0	2051	3633	1.74	0.4	te_in_peak	1	n.s
Tigger16a	0	1789	3633	1.51	0.4	te_in_peak	1	n.s
HSMAR2	0	1770	3633	1.5	0.4	te_in_peak	1	n.s
BLACKJACK	0	2129	3633	1.8	0.4	te_in_peak	1	n.s
Charlie15b	0	1888	3633	1.6	0.4	te_in_peak	1	n.s
Tigger2b_Pri	0	2104	3633	1.78	0.4	te_in_peak	1	n.s
HERV17-int	0	415	3633	1.32	0.4	peak_in_te	1	n.s
Charlie19a	0	1605	3633	1.36	0.4	te_in_peak	1	n.s
HERV16-int	0	1623	3633	1.37	0.4	te_in_peak	1	n.s
MER50	0	2098	3633	1.78	0.4	te_in_peak	1	n.s
LTR91	0	1563	3633	1.32	0.4	te_in_peak	1	n.s
MER21C	1	5012	3633	4.24	0.4	te_in_peak	1	n.s
MER61-int	0	805	3633	1.59	0.4	peak_in_te	1	n.s
MER1B	1	5366	3633	4.54	0.4	te_in_peak	1	n.s
MLT1E3	0	1881	3633	1.59	0.4	te_in_peak	1	n.s
MER63D	0	1718	3633	1.45	0.4	te_in_peak	1	n.s
L1PB	0	1846	3633	1.56	0.4	te_in_peak	1	n.s
MER67C	0	1637	3633	1.39	0.4	te_in_peak	1	n.s
L4_C_Mam	1	5015	3633	4.25	0.4	te_in_peak	1	n.s
MLT2B2	0	1843	3633	1.56	0.4	te_in_peak	1	n.s
LTR85a	0	1868	3633	1.58	0.4	te_in_peak	1	n.s
MSTB-int	0	822	3633	1.54	0.4	peak_in_te	1	n.s
LTR104_Mam	0	1959	3633	1.66	0.4	te_in_peak	1	n.s
MER8	0	1941	3633	1.64	0.4	te_in_peak	1	n.s
LTR49-int	0	1791	3633	1.52	0.4	te_in_peak	1	n.s
LTR40a	0	1776	3633	1.5	0.4	te_in_peak	1	n.s
LTR37B	0	1822	3633	1.54	0.4	te_in_peak	1	n.s
LTR33B	0	1585	3633	1.34	0.4	te_in_peak	1	n.s
LTR33A	0	2028	3633	1.72	0.4	te_in_peak	1	n.s
LTR33A_	0	1659	3633	1.4	0.4	te_in_peak	1	n.s
MER21A	0	1576	3633	1.33	0.4	te_in_peak	1	n.s
MER2B	0	1710	3633	1.45	0.4	te_in_peak	1	n.s
MER41-int	0	1210	3633	1.8	0.4	peak_in_te	1	n.s
L1ME3B	2	8120	3633	6.88	0.4	te_in_peak	1	n.s
MER4B	0	1618	3633	1.37	0.4	te_in_peak	1	n.s
MLT2A1	0	2101	3633	1.78	0.4	te_in_peak	1	n.s
MER4A1	0	1698	3633	1.44	0.4	te_in_peak	1	n.s
L1ME3E	1	4540	3633	3.84	0.4	te_in_peak	1	n.s
MER57A-int	0	1598	3633	1.35	0.4	te_in_peak	1	n.s
MER57-int	0	937	3633	1.37	0.4	peak_in_te	1	n.s
L1ME4b	7	24590	3633	20.82	0.4	te_in_peak	1	n.s
MER30	1	4132	3633	3.5	0.4	te_in_peak	1	n.s
MSTB2	0	1456	3633	1.23	0.4	te_in_peak	1	n.s
MLT1F2	1	5570	3633	4.72	0.3	te_in_peak	1	n.s
Tigger7	0	2944	3633	2.49	0.3	te_in_peak	1	n.s
L1MEh	0	3050	3633	2.58	0.3	te_in_peak	1	n.s
Tigger2	0	2729	3633	2.31	0.3	te_in_peak	1	n.s
LTR16	0	2446	3633	2.07	0.3	te_in_peak	1	n.s
L1PA15-16	0	1431	3633	1.88	0.3	peak_in_te	1	n.s
L1ME3	2	9162	3633	7.76	0.3	te_in_peak	1	n.s
Tigger3c	0	2327	3633	1.97	0.3	te_in_peak	1	n.s
MLT1A0	4	19502	3633	16.51	0.3	te_in_peak	1	n.s
Tigger2a	0	3318	3633	2.81	0.3	te_in_peak	1	n.s
L1P2	0	1631	3633	2.88	0.3	peak_in_te	1	n.s
MLT1G	0	2532	3633	2.14	0.3	te_in_peak	1	n.s
MLT1F1	0	2935	3633	2.49	0.3	te_in_peak	1	n.s
L1PB4	1	7440	3633	6.3	0.3	te_in_peak	1	n.s
L1PB2	0	2887	3633	2.94	0.3	peak_in_te	1	n.s
L1MEj	0	2345	3633	1.99	0.3	te_in_peak	1	n.s
L1ME3A	3	15879	3633	13.45	0.3	te_in_peak	1	n.s
Charlie5	0	2568	3633	2.17	0.3	te_in_peak	1	n.s
AluYb8	0	2645	3633	2.24	0.3	te_in_peak	1	n.s
AluSc	9	37679	3633	31.91	0.3	te_in_peak	1	n.s
AluSc8	5	20437	3633	17.31	0.3	te_in_peak	1	n.s
AluSg	11	42580	3633	36.06	0.3	te_in_peak	1	n.s
AluSg7	1	5829	3633	4.94	0.3	te_in_peak	1	n.s
MER52A	0	1279	3633	2.04	0.3	peak_in_te	1	n.s
MER47A	0	2589	3633	2.19	0.3	te_in_peak	1	n.s
MER41A	0	2232	3633	1.89	0.3	te_in_peak	1	n.s
MER4-int	0	2062	3633	2.5	0.3	peak_in_te	1	n.s
AluSx4	2	11827	3633	10.02	0.3	te_in_peak	1	n.s
MER21B	0	2531	3633	2.14	0.3	te_in_peak	1	n.s
LTR50	0	2556	3633	2.16	0.3	te_in_peak	1	n.s
MER1A	0	3227	3633	2.73	0.3	te_in_peak	1	n.s
MER63A	0	3511	3633	2.97	0.3	te_in_peak	1	n.s
AmnSINE1	0	2614	3633	2.21	0.3	te_in_peak	1	n.s
MER104	0	2206	3633	1.87	0.3	te_in_peak	1	n.s
MARNA	0	3156	3633	2.67	0.3	te_in_peak	1	n.s
MADE1	1	7843	3633	6.64	0.3	te_in_peak	1	n.s
LTR91A	0	2393	3633	2.03	0.3	te_in_peak	1	n.s
LTR8	0	3101	3633	2.63	0.3	te_in_peak	1	n.s
LTR78B	0	3252	3633	2.75	0.3	te_in_peak	1	n.s
MLT2A2	0	3119	3633	2.64	0.3	te_in_peak	1	n.s
L1PA12	0	1769	3633	1.9	0.3	peak_in_te	1	n.s
L1MB8	4	16563	3633	14.03	0.3	te_in_peak	1	n.s
MLT2C1	0	2232	3633	1.89	0.3	te_in_peak	1	n.s
L1MC4	5	23685	3633	20.06	0.3	te_in_peak	1	n.s
SVA_D	0	1433	3633	2.27	0.3	peak_in_te	1	n.s
L1ME5	0	3442	3633	2.91	0.3	te_in_peak	1	n.s
L1MC1	3	13002	3633	11.01	0.3	te_in_peak	1	n.s
L1MCa	1	7243	3633	6.13	0.3	te_in_peak	1	n.s
L1MC	1	7862	3633	6.66	0.3	te_in_peak	1	n.s
MamRep605b	0	2373	3633	2.01	0.3	te_in_peak	1	n.s
L1MCc	0	3179	3633	2.69	0.3	te_in_peak	1	n.s
MSTC	0	2873	3633	2.43	0.3	te_in_peak	1	n.s
THE1C	1	7129	3633	6.04	0.3	te_in_peak	1	n.s
L1MD1	1	6979	3633	5.91	0.3	te_in_peak	1	n.s
L1MD2	2	10982	3633	9.3	0.3	te_in_peak	1	n.s
L1MEg	3	13185	3633	11.17	0.3	te_in_peak	1	n.s
MSTD	1	6701	3633	5.67	0.3	te_in_peak	1	n.s
L1M7	0	3059	3633	2.59	0.3	te_in_peak	1	n.s
L1MA5A	0	3431	3633	2.91	0.3	te_in_peak	1	n.s
MLT2B3	0	2685	3633	2.27	0.3	te_in_peak	1	n.s
L1M4a1	0	2655	3633	2.25	0.3	te_in_peak	1	n.s
L1MA4	1	10000	3633	8.47	0.2	te_in_peak	1	n.s
L1MA5	0	4447	3633	3.77	0.2	te_in_peak	1	n.s
L1MA6	0	5458	3633	4.62	0.2	te_in_peak	1	n.s
LTR12C	0	2539	3633	4.43	0.2	peak_in_te	1	n.s
ERVL-B4-int	0	3211	3633	3.6	0.2	peak_in_te	1	n.s
Charlie2b	0	3650	3633	3.09	0.2	te_in_peak	1	n.s
ERV3-16A3_I-int	0	5053	3633	5.49	0.2	peak_in_te	1	n.s
L1MA1	0	4314	3633	5.32	0.2	peak_in_te	1	n.s
Charlie1a	0	5747	3633	4.87	0.2	te_in_peak	1	n.s
MSTA-int	0	2739	3633	5.46	0.2	peak_in_te	1	n.s
MLT2B1	0	3644	3633	3.09	0.2	te_in_peak	1	n.s
MLT1A	1	8344	3633	7.07	0.2	te_in_peak	1	n.s
FLAM_A	2	14934	3633	12.65	0.2	te_in_peak	1	n.s
MSTB1	0	4219	3633	3.57	0.2	te_in_peak	1	n.s
MER2	1	9067	3633	7.68	0.2	te_in_peak	1	n.s
L1MB1	0	6197	3633	5.25	0.2	te_in_peak	1	n.s
L1MB2	1	8944	3633	7.57	0.2	te_in_peak	1	n.s
L1ME2	1	12799	3633	10.84	0.2	te_in_peak	1	n.s
AluSc5	0	4143	3633	3.51	0.2	te_in_peak	1	n.s
L1ME3D	0	4186	3633	3.54	0.2	te_in_peak	1	n.s
L1MD	1	8496	3633	7.19	0.2	te_in_peak	1	n.s
MamRep605	0	3545	3633	3.0	0.2	te_in_peak	1	n.s
L1ME3G	3	18628	3633	15.77	0.2	te_in_peak	1	n.s
L1MC5a	2	17929	3633	15.18	0.2	te_in_peak	1	n.s
AluY	18	98084	3633	83.06	0.2	te_in_peak	1	n.s
L1MC5	2	14431	3633	12.22	0.2	te_in_peak	1	n.s
L1MC3	1	13130	3633	11.12	0.2	te_in_peak	1	n.s
MER20B	0	4146	3633	3.51	0.2	te_in_peak	1	n.s
L1MC2	0	6382	3633	5.4	0.2	te_in_peak	1	n.s
AluYk3	0	6065	3633	5.14	0.2	te_in_peak	1	n.s
AluYm1	0	4667	3633	3.95	0.2	te_in_peak	1	n.s
L1MB3	2	17260	3633	14.62	0.2	te_in_peak	1	n.s
HAL1	2	21238	3633	17.98	0.2	te_in_peak	1	n.s
L1ME4c	1	9421	3633	7.98	0.2	te_in_peak	1	n.s
HAL1b	0	4340	3633	3.68	0.2	te_in_peak	1	n.s
L1P1	0	3259	3633	3.65	0.2	peak_in_te	1	n.s
L1PA14	0	3056	3633	3.65	0.2	peak_in_te	1	n.s
Tigger1	1	12059	3633	11.76	0.2	peak_in_te	1	n.s
L1PA17	0	4789	3633	4.06	0.2	te_in_peak	1	n.s
THE1D-int	0	2426	3633	3.91	0.2	peak_in_te	1	n.s
THE1A-int	0	1419	3633	3.19	0.2	peak_in_te	1	n.s
L1M5	6	44640	3633	37.8	0.2	te_in_peak	1	n.s
THE1D	1	9783	3633	8.28	0.2	te_in_peak	1	n.s
L1PA11	0	4144	3633	5.19	0.2	peak_in_te	1	n.s
L1HS	0	1571	3633	4.29	0.2	peak_in_te	1	n.s
L1M4c	0	3615	3633	3.06	0.2	te_in_peak	1	n.s
THE1C-int	0	1688	3633	3.68	0.2	peak_in_te	1	n.s
Tigger3b	0	6279	3633	5.32	0.2	te_in_peak	1	n.s
HERVL-int	0	1885	3633	5.61	0.2	peak_in_te	1	n.s
L1P3	0	3552	3633	3.47	0.2	peak_in_te	1	n.s
L1M4b	0	4228	3633	3.58	0.2	te_in_peak	1	n.s
L1M1	1	9983	3633	11.44	0.2	peak_in_te	1	n.s
L1MEi	0	5311	3633	4.5	0.2	te_in_peak	1	n.s
L4_A_Mam	0	6597	3633	5.59	0.2	te_in_peak	1	n.s
L1PA8A	0	2429	3633	4.08	0.2	peak_in_te	1	n.s
L1PREC2	1	7902	3633	8.03	0.2	peak_in_te	1	n.s
L1PBa	0	2167	3633	3.23	0.2	peak_in_te	1	n.s
MLT2B4	0	3544	3633	3.0	0.2	te_in_peak	1	n.s
MLT1O	0	4867	3633	4.12	0.2	te_in_peak	1	n.s
L1PB3	0	3601	3633	3.57	0.2	peak_in_te	1	n.s
L1MEf	0	11271	3633	9.54	0.1	te_in_peak	1	n.s
L1PA13	0	9060	3633	9.64	0.1	peak_in_te	1	n.s
L1ME1	2	31305	3633	26.51	0.1	te_in_peak	1	n.s
L1M3	0	7225	3633	6.12	0.1	te_in_peak	1	n.s
L1MC4a	0	9991	3633	8.46	0.1	te_in_peak	1	n.s
L1MEd	1	16918	3633	14.33	0.1	te_in_peak	1	n.s
L1ME3Cz	0	14145	3633	11.98	0.1	te_in_peak	1	n.s
L1MDa	0	6954	3633	5.89	0.1	te_in_peak	1	n.s
L1M2	0	9096	3633	7.7	0.1	te_in_peak	1	n.s
L1PA10	0	7090	3633	8.49	0.1	peak_in_te	1	n.s
L1PA15	0	8463	3633	10.2	0.1	peak_in_te	1	n.s
L1PA2	0	4918	3633	12.16	0.1	peak_in_te	1	n.s
L1PA16	1	13973	3633	14.15	0.1	peak_in_te	1	n.s
L1MEc	0	17812	3633	15.08	0.1	te_in_peak	1	n.s
THE1B	1	15717	3633	13.31	0.1	te_in_peak	1	n.s
ERVL-E-int	0	7217	3633	6.11	0.1	te_in_peak	1	n.s
THE1B-int	0	4031	3633	9.11	0.1	peak_in_te	1	n.s
HERVH-int	0	1492	3633	8.31	0.1	peak_in_te	1	n.s
L1PB1	1	13093	3633	16.47	0.1	peak_in_te	1	n.s
L1MA2	0	7417	3633	9.05	0.1	peak_in_te	1	n.s
L1MA3	0	8888	3633	10.75	0.1	peak_in_te	1	n.s
MSTB	0	7359	3633	6.23	0.1	te_in_peak	1	n.s
L1PA8	0	8111	3633	8.73	0.1	peak_in_te	1	n.s
L1MA4A	0	6240	3633	6.37	0.1	peak_in_te	1	n.s
L1M4	1	20125	3633	17.04	0.1	te_in_peak	1	n.s
L1PA6	0	6051	3633	14.15	0.1	peak_in_te	1	n.s
L1MA7	0	8595	3633	7.28	0.1	te_in_peak	1	n.s
L1MA8	0	11124	3633	9.42	0.1	te_in_peak	1	n.s
L1MA9	0	16437	3633	13.92	0.1	te_in_peak	1	n.s
L1MB4	0	9160	3633	7.76	0.1	te_in_peak	1	n.s
L1MB5	0	9769	3633	8.27	0.1	te_in_peak	1	n.s
L1MB7	1	23185	3633	19.63	0.1	te_in_peak	1	n.s
L1PA5	0	11398	3633	20.46	0.0	peak_in_te	1	n.s
L1PA4	0	11926	3633	23.79	0.0	peak_in_te	1	n.s
L1PA3	0	10703	3633	24.26	0.0	peak_in_te	1	n.s
L1PA7	0	13116	3633	25.05	0.0	peak_in_te	1	n.s
