TEFam,TEsubFam,class,fam,TEsubFam
LINE/L1,L1MC5a,LINE,L1,L1MC5a
DNA/hAT-Charlie,MER5B,DNA,hAT-Charlie,MER5B
SINE/MIR,MIR3,SINE,MIR,MIR3
LINE/L2,L2a,LINE,L2,L2a
LINE/CR1,L3,LINE,CR1,L3
LINE/CR1,Plat_L3,LINE,CR1,Plat_L3
LTR/ERVL-MaLR,MLT1K,LTR,ERVL-MaLR,MLT1K
SINE/MIR,MIR,SINE,MIR,MIR
LINE/L2,L2b,LINE,L2,L2b
SINE/MIR,MIR1_Amn,SINE,MIR,MIR1_Amn
LINE/L2,L2c,LINE,L2,L2c
SINE/Alu,AluSp,SINE,Alu,AluSp
DNA/hAT-Charlie,MER33,DNA,hAT-Charlie,MER33
SINE/MIR,MIRb,SINE,MIR,MIRb
LINE/L1,L1MB3,LINE,L1,L1MB3
DNA/hAT,MER53,DNA,hAT,MER53
LTR/ERVL-MaLR,MLT1A,LTR,ERVL-MaLR,MLT1A
SINE/MIR,MIRc,SINE,MIR,MIRc
SINE/Alu,AluJo,SINE,Alu,AluJo
LINE/L1,L1MB5,LINE,L1,L1MB5
SINE/Alu,Alu,SINE,Alu,Alu
LINE/L1,L1PA6,LINE,L1,L1PA6
LINE/L1,L1P1,LINE,L1,L1P1
LTR/ERVL-MaLR,MLT1J2,LTR,ERVL-MaLR,MLT1J2
SINE/Alu,AluJr,SINE,Alu,AluJr
DNA/hAT-Charlie,Charlie5,DNA,hAT-Charlie,Charlie5
LTR/ERVL-MaLR,MLT1E1A-int,LTR,ERVL-MaLR,MLT1E1A-int
SINE/Alu,AluSx,SINE,Alu,AluSx
LTR/ERVL-MaLR,MLT1E1A,LTR,ERVL-MaLR,MLT1E1A
SINE/Alu,AluSx3,SINE,Alu,AluSx3
LTR/ERVL,LTR16C,LTR,ERVL,LTR16C
LTR/ERVL,ERVL-E-int,LTR,ERVL,ERVL-E-int
LTR,MamRep1527,LTR,,MamRep1527
LINE/L1,L1MA8,LINE,L1,L1MA8
LINE/L1,L1M5,LINE,L1,L1M5
LINE/L1,L1MA9,LINE,L1,L1MA9
LTR/ERV1,LTR12F,LTR,ERV1,LTR12F
DNA/hAT-Tip100,MER45A,DNA,hAT-Tip100,MER45A
DNA/hAT-Charlie,MER58A,DNA,hAT-Charlie,MER58A
LINE/L1,L1PA14,LINE,L1,L1PA14
SINE/Alu,AluYj4,SINE,Alu,AluYj4
LINE/L2,L2,LINE,L2,L2
SINE/Alu,FLAM_A,SINE,Alu,FLAM_A
DNA/TcMar-Tigger,MER47A,DNA,TcMar-Tigger,MER47A
LINE/L1,L1ME4c,LINE,L1,L1ME4c
SINE/Alu,AluSc,SINE,Alu,AluSc
LINE/L1,L1PA4,LINE,L1,L1PA4
LTR/ERVL?,LTR89,LTR,ERVL?,LTR89
LINE/L1,L1MC,LINE,L1,L1MC
LINE/L1,L1PA7,LINE,L1,L1PA7
LINE/L1,L1PA16,LINE,L1,L1PA16
LINE/L1,L1PA2,LINE,L1,L1PA2
SINE/Alu,AluSz,SINE,Alu,AluSz
LINE/L1,L1M2,LINE,L1,L1M2
LINE/L1,L1PREC2,LINE,L1,L1PREC2
LINE/L1,L1PB,LINE,L1,L1PB
DNA/TcMar-Tigger,Tigger5b,DNA,TcMar-Tigger,Tigger5b
SINE/Alu,AluSc5,SINE,Alu,AluSc5
DNA/TcMar-Tigger,Tigger5,DNA,TcMar-Tigger,Tigger5
LINE/L1,L1M4,LINE,L1,L1M4
LINE/L1,HAL1M8,LINE,L1,HAL1M8
LTR/ERV1?,LTR103b_Mam,LTR,ERV1?,LTR103b_Mam
LTR/ERVL-MaLR,MLT1H2,LTR,ERVL-MaLR,MLT1H2
SINE/Alu,AluYk2,SINE,Alu,AluYk2
LTR/ERV1,MER4D1,LTR,ERV1,MER4D1
LTR/ERV1,MER4CL34,LTR,ERV1,MER4CL34
LINE/RTE-X,L5,LINE,RTE-X,L5
LTR/ERVL-MaLR,MLT1H,LTR,ERVL-MaLR,MLT1H
SINE/Alu,AluY,SINE,Alu,AluY
LTR/ERVL-MaLR,MLT1I,LTR,ERVL-MaLR,MLT1I
LTR?,MamRep605,LTR?,,MamRep605
LTR/ERVL,LTR33,LTR,ERVL,LTR33
LTR/ERVL-MaLR,MSTB1,LTR,ERVL-MaLR,MSTB1
SINE/Alu,AluSq,SINE,Alu,AluSq
LTR/ERVL-MaLR,MLT1C,LTR,ERVL-MaLR,MLT1C
SINE/Alu,AluJb,SINE,Alu,AluJb
SINE/Alu,FAM,SINE,Alu,FAM
SINE/Alu,AluSq2,SINE,Alu,AluSq2
LTR/ERVL-MaLR,MLT1F2,LTR,ERVL-MaLR,MLT1F2
LINE/L1,L1ME3E,LINE,L1,L1ME3E
LTR/ERVL,LTR33B,LTR,ERVL,LTR33B
LTR/ERV1,MER65D,LTR,ERV1,MER65D
LTR/ERVL-MaLR,MLT1D,LTR,ERVL-MaLR,MLT1D
LTR/ERVL-MaLR,THE1C,LTR,ERVL-MaLR,THE1C
LINE/L1,L1MA5,LINE,L1,L1MA5
SINE/Alu,FLAM_C,SINE,Alu,FLAM_C
SINE/Alu,AluSg,SINE,Alu,AluSg
DNA/hAT-Charlie,MER1A,DNA,hAT-Charlie,MER1A
LTR/ERVL,MER21C,LTR,ERVL,MER21C
LTR/ERVL,LTR41,LTR,ERVL,LTR41
SINE/Alu,AluJr4,SINE,Alu,AluJr4
LINE/L1,L1MB8,LINE,L1,L1MB8
DNA/TcMar-Tigger,Tigger12,DNA,TcMar-Tigger,Tigger12
LTR/ERV1,LTR37A,LTR,ERV1,LTR37A
SINE/Alu,AluSg4,SINE,Alu,AluSg4
LTR/ERVK,MER11B,LTR,ERVK,MER11B
LINE/L1,L1ME4b,LINE,L1,L1ME4b
DNA/TcMar-Tigger,MER8,DNA,TcMar-Tigger,MER8
DNA/hAT-Charlie,Charlie29b,DNA,hAT-Charlie,Charlie29b
SINE/Alu,AluSx1,SINE,Alu,AluSx1
LTR/ERVL-MaLR,MSTD,LTR,ERVL-MaLR,MSTD
SINE/Alu,AluSg7,SINE,Alu,AluSg7
SINE/Alu,AluSz6,SINE,Alu,AluSz6
DNA/hAT-Charlie,Charlie4z,DNA,hAT-Charlie,Charlie4z
LTR/ERVL,MLT2B3,LTR,ERVL,MLT2B3
LTR/ERV1,MER31-int,LTR,ERV1,MER31-int
LTR/ERV1,MER92-int,LTR,ERV1,MER92-int
LTR/ERV1,MER34A,LTR,ERV1,MER34A
LINE/L1,L1MC3,LINE,L1,L1MC3
LTR/ERVL-MaLR,MSTA1,LTR,ERVL-MaLR,MSTA1
LTR/ERV1,MER4A1,LTR,ERV1,MER4A1
LTR/ERV1,MER4E,LTR,ERV1,MER4E
SINE/Alu,AluYc,SINE,Alu,AluYc
LINE/L1,L1M2c,LINE,L1,L1M2c
Retroposon/SVA,SVA_E,Retroposon,SVA,SVA_E
LINE/L1,L1M4c,LINE,L1,L1M4c
LTR/ERVL-MaLR,THE1D,LTR,ERVL-MaLR,THE1D
LTR/ERVL-MaLR,MLT1H1,LTR,ERVL-MaLR,MLT1H1
LTR/ERV1,LTR64,LTR,ERV1,LTR64
LTR/ERVL-MaLR,MLT1H1-int,LTR,ERVL-MaLR,MLT1H1-int
LTR/ERVL-MaLR,THE1B-int,LTR,ERVL-MaLR,THE1B-int
LINE/L1,L1M7,LINE,L1,L1M7
LINE/L1,L1MA4,LINE,L1,L1MA4
LINE/L1,L1MA7,LINE,L1,L1MA7
LTR/ERVL,ERVL-int,LTR,ERVL,ERVL-int
LINE/L1,L1PA5,LINE,L1,L1PA5
LINE/L1,L1MEd,LINE,L1,L1MEd
LINE/L1,L1PA10,LINE,L1,L1PA10
LINE/L1,L1PA8,LINE,L1,L1PA8
LINE/L1,L1PA8A,LINE,L1,L1PA8A
LINE/L1,L1P4,LINE,L1,L1P4
LINE/L1,L1PA15-16,LINE,L1,L1PA15-16
LTR/ERVK,LTR22C2,LTR,ERVK,LTR22C2
LINE/L1,L1ME3D,LINE,L1,L1ME3D
LINE/L1,L1MA2,LINE,L1,L1MA2
LINE/L1,L1ME3B,LINE,L1,L1ME3B
LINE/L1,L1ME4a,LINE,L1,L1ME4a
LTR/ERV1,LTR39,LTR,ERV1,LTR39
DNA/hAT-Charlie,MER103C,DNA,hAT-Charlie,MER103C
LTR/ERVL-MaLR,MSTA,LTR,ERVL-MaLR,MSTA
LTR/ERVL-MaLR,MLT1O,LTR,ERVL-MaLR,MLT1O
LTR/ERV1,LTR37B,LTR,ERV1,LTR37B
SINE/Alu,FRAM,SINE,Alu,FRAM
LTR/ERVL-MaLR,MLT1E3,LTR,ERVL-MaLR,MLT1E3
LTR/ERV1,MER4E1,LTR,ERV1,MER4E1
DNA/hAT-Charlie,MER5A,DNA,hAT-Charlie,MER5A
LTR/ERV1,LTR9B,LTR,ERV1,LTR9B
LTR/ERVL,LTR83,LTR,ERVL,LTR83
LINE/L1,L1ME1,LINE,L1,L1ME1
LTR/ERV1,MER39B,LTR,ERV1,MER39B
LINE/L1,L1MD3,LINE,L1,L1MD3
LINE/L1,L1MC4a,LINE,L1,L1MC4a
SINE/Alu,AluYf1,SINE,Alu,AluYf1
DNA/hAT-Charlie,Charlie20a,DNA,hAT-Charlie,Charlie20a
DNA/TcMar-Tigger,Tigger4b,DNA,TcMar-Tigger,Tigger4b
DNA/MULE-MuDR,Ricksha_0,DNA,MULE-MuDR,Ricksha_0
DNA/hAT-Charlie,MER112,DNA,hAT-Charlie,MER112
LTR/ERV1,MER31B,LTR,ERV1,MER31B
DNA/hAT-Charlie,Charlie30a,DNA,hAT-Charlie,Charlie30a
DNA?,MER124,DNA?,,MER124
LINE/L1,L1ME3A,LINE,L1,L1ME3A
DNA/hAT-Charlie,MER3,DNA,hAT-Charlie,MER3
DNA/hAT-Charlie,MER5A1,DNA,hAT-Charlie,MER5A1
LINE/L1,L1ME3,LINE,L1,L1ME3
LINE/L1,L1MEg,LINE,L1,L1MEg
LINE/L1,L1MC4,LINE,L1,L1MC4
LTR/Gypsy,LTR104_Mam,LTR,Gypsy,LTR104_Mam
DNA/hAT-Blackjack,BLACKJACK,DNA,hAT-Blackjack,BLACKJACK
LINE/L1,L1M3,LINE,L1,L1M3
LTR/ERV1,LTR7,LTR,ERV1,LTR7
LTR/ERV1,MER67C,LTR,ERV1,MER67C
LTR/ERVL,LTR67B,LTR,ERVL,LTR67B
LTR/ERVL,LTR79,LTR,ERVL,LTR79
DNA/hAT-Charlie,Charlie1b,DNA,hAT-Charlie,Charlie1b
DNA/hAT-Charlie,Charlie1a,DNA,hAT-Charlie,Charlie1a
DNA/TcMar-Tigger,Tigger3a,DNA,TcMar-Tigger,Tigger3a
DNA/hAT-Charlie,MER113A,DNA,hAT-Charlie,MER113A
DNA/TcMar-Tigger,MER44B,DNA,TcMar-Tigger,MER44B
DNA/hAT-Charlie,Chap1a_Mam,DNA,hAT-Charlie,Chap1a_Mam
LTR/ERVL-MaLR,MLT1C2,LTR,ERVL-MaLR,MLT1C2
LINE/L1,L1M8,LINE,L1,L1M8
DNA/hAT-Charlie,MER102c,DNA,hAT-Charlie,MER102c
DNA/TcMar-Tigger,Tigger7,DNA,TcMar-Tigger,Tigger7
LTR/ERV1,MER41D,LTR,ERV1,MER41D
LINE/L1,HAL1,LINE,L1,HAL1
LTR/ERVL-MaLR,MLT1A1,LTR,ERVL-MaLR,MLT1A1
LTR/ERV1,LTR78,LTR,ERV1,LTR78
Retroposon/SVA,SVA_D,Retroposon,SVA,SVA_D
LINE/L1,L1M4b,LINE,L1,L1M4b
LTR/ERVL-MaLR,MLT1B,LTR,ERVL-MaLR,MLT1B
LINE/L1,L1MC1,LINE,L1,L1MC1
LINE/L2,L2d,LINE,L2,L2d
LINE/L1,L1PA3,LINE,L1,L1PA3
DNA/hAT-Charlie,Charlie19a,DNA,hAT-Charlie,Charlie19a
LTR/ERV1,LTR2C,LTR,ERV1,LTR2C
LINE/L1,L1MB4,LINE,L1,L1MB4
SINE/Alu,AluSc8,SINE,Alu,AluSc8
LTR/ERV1,MER101-int,LTR,ERV1,MER101-int
LTR/ERV1,LOR1-int,LTR,ERV1,LOR1-int
LTR/ERVL,LTR57-int,LTR,ERVL,LTR57-int
LTR/ERVK,HERVK9-int,LTR,ERVK,HERVK9-int
DNA/hAT-Charlie,MER102a,DNA,hAT-Charlie,MER102a
LTR/ERV1,MER67A,LTR,ERV1,MER67A
DNA/TcMar-Tigger,MER2,DNA,TcMar-Tigger,MER2
LTR/ERVL,HERV16-int,LTR,ERVL,HERV16-int
LINE/L2,X24_LINE,LINE,L2,X24_LINE
LINE/L1,L1MEc,LINE,L1,L1MEc
DNA/hAT-Blackjack,MER63B,DNA,hAT-Blackjack,MER63B
LTR/ERV1,MER4A1_,LTR,ERV1,MER4A1_
LTR/ERVL-MaLR,MLT1G1,LTR,ERVL-MaLR,MLT1G1
SINE/Alu,AluYa5,SINE,Alu,AluYa5
LINE/L1,L1MD,LINE,L1,L1MD
LTR/ERV1,LTR12C,LTR,ERV1,LTR12C
LTR/ERVK,LTR13A,LTR,ERVK,LTR13A
DNA/TcMar-Tigger,Tigger19b,DNA,TcMar-Tigger,Tigger19b
LINE/L1,L1MEf,LINE,L1,L1MEf
LINE/L1,L1M4a2,LINE,L1,L1M4a2
LTR/ERV1,MER49,LTR,ERV1,MER49
LINE/L1,L1ME2,LINE,L1,L1ME2
LTR/ERV1,MER50,LTR,ERV1,MER50
SINE/Alu,AluSx4,SINE,Alu,AluSx4
LINE/L1,L1PB1,LINE,L1,L1PB1
LTR?,MamRep1151,LTR?,,MamRep1151
LTR/ERV1,MER41B,LTR,ERV1,MER41B
DNA/hAT-Charlie,MER30,DNA,hAT-Charlie,MER30
DNA/hAT-Tip100,Arthur1B,DNA,hAT-Tip100,Arthur1B
LTR/ERV1,LTR46,LTR,ERV1,LTR46
LTR/ERVK,MER9a1,LTR,ERVK,MER9a1
LTR/ERVK,LTR13,LTR,ERVK,LTR13
LTR/ERVK,LTR13_,LTR,ERVK,LTR13_
LTR/ERVL,MER54A,LTR,ERVL,MER54A
LTR/ERVL,MER68,LTR,ERVL,MER68
LINE/CR1,L3b,LINE,CR1,L3b
LTR/ERV1,MER4B-int,LTR,ERV1,MER4B-int
SINE/Alu,AluYe5,SINE,Alu,AluYe5
LTR/ERV1,MER4B,LTR,ERV1,MER4B
LTR/ERVL,LTR16B1,LTR,ERVL,LTR16B1
SINE/Alu,AluSq4,SINE,Alu,AluSq4
SINE/Alu,AluYc3,SINE,Alu,AluYc3
SINE/Alu,AluYh3,SINE,Alu,AluYh3
DNA/hAT-Charlie,MER20,DNA,hAT-Charlie,MER20
DNA/hAT-Tag1,hAT-1_Mam,DNA,hAT-Tag1,hAT-1_Mam
DNA/hAT-Blackjack,MER63D,DNA,hAT-Blackjack,MER63D
LTR/ERV1,MER66C,LTR,ERV1,MER66C
SINE/Alu,AluYk3,SINE,Alu,AluYk3
LTR/ERV1,MER66-int,LTR,ERV1,MER66-int
SINE/Alu,AluYh9,SINE,Alu,AluYh9
LTR/ERVL,MER74B,LTR,ERVL,MER74B
LTR/ERVK,LTR5_Hs,LTR,ERVK,LTR5_Hs
LTR/ERV1,Harlequin-int,LTR,ERV1,Harlequin-int
LTR/ERVL,LTR75,LTR,ERVL,LTR75
SINE/Alu,AluYa8,SINE,Alu,AluYa8
LTR/ERV1,LTR10A,LTR,ERV1,LTR10A
LTR/ERV1,HERV9N-int,LTR,ERV1,HERV9N-int
LTR/ERV1,HERVIP10F-int,LTR,ERV1,HERVIP10F-int
DNA?,MER131,DNA?,,MER131
LTR/ERV1,HUERS-P1-int,LTR,ERV1,HUERS-P1-int
LTR/ERV1,LTR7B,LTR,ERV1,LTR7B
LINE/L1,L1M1,LINE,L1,L1M1
DNA/hAT-Charlie,Charlie22a,DNA,hAT-Charlie,Charlie22a
LTR/ERV1,MER65A,LTR,ERV1,MER65A
LTR/ERV1,MER65-int,LTR,ERV1,MER65-int
LTR/ERV1,MER52A,LTR,ERV1,MER52A
LTR/ERV1,MER52C,LTR,ERV1,MER52C
LTR/ERV1,MER83,LTR,ERV1,MER83
DNA/hAT-Charlie,MER113,DNA,hAT-Charlie,MER113
LTR/ERV1,LTR26B,LTR,ERV1,LTR26B
LTR/ERVL,LTR42,LTR,ERVL,LTR42
LTR/ERV1,MER4D,LTR,ERV1,MER4D
DNA/TcMar-Tigger,Tigger1a_Art,DNA,TcMar-Tigger,Tigger1a_Art
LTR/ERV1,MER65B,LTR,ERV1,MER65B
SINE/Alu,AluYi6,SINE,Alu,AluYi6
LINE/L1,L1P5,LINE,L1,L1P5
DNA/hAT-Ac,OldhAT1,DNA,hAT-Ac,OldhAT1
LINE/L1,L1MC5,LINE,L1,L1MC5
DNA/hAT-Tip100,ORSL-2b,DNA,hAT-Tip100,ORSL-2b
LINE/L1,L1M4a1,LINE,L1,L1M4a1
SINE/Alu,AluYm1,SINE,Alu,AluYm1
DNA/TcMar-Tigger,Tigger1,DNA,TcMar-Tigger,Tigger1
DNA/TcMar-Tigger,Tigger16a,DNA,TcMar-Tigger,Tigger16a
DNA/hAT-Tip100,Arthur1A,DNA,hAT-Tip100,Arthur1A
LINE/L1,L1ME3G,LINE,L1,L1ME3G
LINE/L1,L1MEb,LINE,L1,L1MEb
DNA/TcMar-Tigger,Tigger15a,DNA,TcMar-Tigger,Tigger15a
DNA/TcMar-Tigger,X26_DNA,DNA,TcMar-Tigger,X26_DNA
DNA/hAT-Charlie,Charlie15b,DNA,hAT-Charlie,Charlie15b
DNA/TcMar-Tigger,Tigger2,DNA,TcMar-Tigger,Tigger2
DNA/TcMar-Tigger,MER44A,DNA,TcMar-Tigger,MER44A
DNA/hAT-Charlie,MER119,DNA,hAT-Charlie,MER119
LINE/CR1,X7A_LINE,LINE,CR1,X7A_LINE
LINE/L2,L2d2,LINE,L2,L2d2
DNA/hAT-Charlie,MER1B,DNA,hAT-Charlie,MER1B
DNA/hAT-Charlie,Charlie1,DNA,hAT-Charlie,Charlie1
LTR/ERVL,LTR16E1,LTR,ERVL,LTR16E1
LTR/ERVL,ERV3-16A3_I-int,LTR,ERVL,ERV3-16A3_I-int
LTR/ERVL,ERV3-16A3_LTR,LTR,ERVL,ERV3-16A3_LTR
LTR/ERVL,MLT2D,LTR,ERVL,MLT2D
LINE/L1,L1MB2,LINE,L1,L1MB2
DNA/hAT-Charlie,Charlie2b,DNA,hAT-Charlie,Charlie2b
DNA/hAT-Blackjack,MER81,DNA,hAT-Blackjack,MER81
LTR/ERV1,MER89,LTR,ERV1,MER89
DNA/hAT-Tip100,MER91B,DNA,hAT-Tip100,MER91B
LTR/ERV1,MER31A,LTR,ERV1,MER31A
LTR/ERVL-MaLR,MLT1A0,LTR,ERVL-MaLR,MLT1A0
LTR/ERVL-MaLR,MSTB,LTR,ERVL-MaLR,MSTB
LTR/ERVL,LTR18B,LTR,ERVL,LTR18B
DNA/hAT-Charlie,Charlie8,DNA,hAT-Charlie,Charlie8
DNA/TcMar-Tigger,MER46C,DNA,TcMar-Tigger,MER46C
LTR/Gypsy,LTR81B,LTR,Gypsy,LTR81B
LTR/ERVL,LTR40a,LTR,ERVL,LTR40a
LTR/Gypsy,LTR81,LTR,Gypsy,LTR81
DNA/hAT-Charlie,MER58B,DNA,hAT-Charlie,MER58B
LTR/ERVL,MER74A,LTR,ERVL,MER74A
DNA/hAT-Blackjack,MER63A,DNA,hAT-Blackjack,MER63A
LTR/ERVL,LTR52,LTR,ERVL,LTR52
DNA/TcMar-Tc2,Kanga1,DNA,TcMar-Tc2,Kanga1
LTR/ERVL-MaLR,MLT-int,LTR,ERVL-MaLR,MLT-int
DNA/hAT-Charlie,Charlie16,DNA,hAT-Charlie,Charlie16
LTR/ERVL,MLT2C1,LTR,ERVL,MLT2C1
DNA/TcMar-Tigger,Tigger3c,DNA,TcMar-Tigger,Tigger3c
DNA/hAT-Tip100,MER91A,DNA,hAT-Tip100,MER91A
LTR/ERVL,MLT2B1,LTR,ERVL,MLT2B1
DNA/TcMar-Tigger,MER47B,DNA,TcMar-Tigger,MER47B
LINE/L1,L1MB7,LINE,L1,L1MB7
SINE/tRNA-Deu,AmnSINE2,SINE,tRNA-Deu,AmnSINE2
LINE/RTE-BovB,MamRTE1,LINE,RTE-BovB,MamRTE1
LTR/ERVL-MaLR,THE1A,LTR,ERVL-MaLR,THE1A
DNA/hAT-Tip100,MER45B,DNA,hAT-Tip100,MER45B
LTR/Gypsy,LTR81C,LTR,Gypsy,LTR81C
LTR/ERVL-MaLR,MLT1J,LTR,ERVL-MaLR,MLT1J
DNA/TcMar-Tigger,Tigger2a,DNA,TcMar-Tigger,Tigger2a
LTR/ERV1,MER66B,LTR,ERV1,MER66B
LTR/ERVL,LTR41C,LTR,ERVL,LTR41C
LTR/ERV1,MER34C_,LTR,ERV1,MER34C_
DNA/hAT-Charlie,MER58C,DNA,hAT-Charlie,MER58C
LTR/ERV1,LTR26,LTR,ERV1,LTR26
LTR/ERVL,LTR40c,LTR,ERVL,LTR40c
LTR/ERV1,MER34,LTR,ERV1,MER34
LTR/ERV1,LTR19A,LTR,ERV1,LTR19A
LINE/L1,L1MCc,LINE,L1,L1MCc
SINE/5S-Deu-L2,AmnSINE1,SINE,5S-Deu-L2,AmnSINE1
LTR/ERVL-MaLR,MSTA-int,LTR,ERVL-MaLR,MSTA-int
LTR/ERVL,HERVL-int,LTR,ERVL,HERVL-int
LTR/ERV1,LTR27C,LTR,ERV1,LTR27C
DNA/hAT-Charlie,MER117,DNA,hAT-Charlie,MER117
LTR,LTR106_Mam,LTR,,LTR106_Mam
LTR/ERVL-MaLR,MLT1H-int,LTR,ERVL-MaLR,MLT1H-int
DNA/PiggyBac,MER75,DNA,PiggyBac,MER75
LTR/ERVL,MLT2B4,LTR,ERVL,MLT2B4
DNA/TcMar-Tigger,Tigger17c,DNA,TcMar-Tigger,Tigger17c
DNA/TcMar-Tigger,Tigger17d,DNA,TcMar-Tigger,Tigger17d
DNA/hAT-Charlie,Charlie25,DNA,hAT-Charlie,Charlie25
LTR/ERV1,MER51A,LTR,ERV1,MER51A
DNA/hAT-Tip100,MER96,DNA,hAT-Tip100,MER96
LTR/ERVL,LTR40b,LTR,ERVL,LTR40b
LTR/ERVL-MaLR,MLT1E2,LTR,ERVL-MaLR,MLT1E2
LTR/ERVL,ERVL-B4-int,LTR,ERVL,ERVL-B4-int
DNA/hAT-Charlie,MER107,DNA,hAT-Charlie,MER107
DNA/hAT-Tip100,Arthur1C,DNA,hAT-Tip100,Arthur1C
DNA/hAT-Tip100,MER45C,DNA,hAT-Tip100,MER45C
LTR/ERVL-MaLR,THE1C-int,LTR,ERVL-MaLR,THE1C-int
DNA/hAT?,MER121,DNA,hAT?,MER121
LINE/L1,L1PA12,LINE,L1,L1PA12
SINE/Alu,AluYg6,SINE,Alu,AluYg6
LTR/ERVL,LTR16A1,LTR,ERVL,LTR16A1
LTR/ERVL-MaLR,MSTB-int,LTR,ERVL-MaLR,MSTB-int
LTR/ERVL-MaLR,THE1B,LTR,ERVL-MaLR,THE1B
LINE/L1,L1MDa,LINE,L1,L1MDa
LINE/L1,L1ME3Cz,LINE,L1,L1ME3Cz
LINE/L1,L1ME2z,LINE,L1,L1ME2z
LINE/L1,L1PA15,LINE,L1,L1PA15
DNA?,Eulor10,DNA?,,Eulor10
LINE/L1,L1MA10,LINE,L1,L1MA10
DNA,X30_DNA,DNA,,X30_DNA
LINE/L1,L1MC2,LINE,L1,L1MC2
DNA/hAT-Tip100,MamTip2b,DNA,hAT-Tip100,MamTip2b
DNA/hAT-Charlie,Charlie15a,DNA,hAT-Charlie,Charlie15a
LINE/L1,L1ME3C,LINE,L1,L1ME3C
LINE/L1,L1MEh,LINE,L1,L1MEh
LINE/L1,L1MA5A,LINE,L1,L1MA5A
LTR/ERV1,LTR10B2,LTR,ERV1,LTR10B2
LTR/ERV1,LTR21C,LTR,ERV1,LTR21C
LTR/ERVL,LTR62,LTR,ERVL,LTR62
LINE/L1,L1PA11,LINE,L1,L1PA11
LTR/ERVL-MaLR,THE1D-int,LTR,ERVL-MaLR,THE1D-int
DNA/TcMar-Tigger,MER44C,DNA,TcMar-Tigger,MER44C
DNA/hAT-Charlie,Charlie4a,DNA,hAT-Charlie,Charlie4a
LTR/ERV1,MER34C2,LTR,ERV1,MER34C2
LTR/ERV1,MER39,LTR,ERV1,MER39
SINE/Alu,AluYh3a3,SINE,Alu,AluYh3a3
DNA/TcMar-Mariner,MADE2,DNA,TcMar-Mariner,MADE2
RC/Helitron,Helitron3Na_Mam,RC,Helitron,Helitron3Na_Mam
LTR/ERVK,LTR5B,LTR,ERVK,LTR5B
LTR/ERV1,LTR45C,LTR,ERV1,LTR45C
DNA/TcMar-Tigger,Tigger3d,DNA,TcMar-Tigger,Tigger3d
LTR/ERV1,LTR8A,LTR,ERV1,LTR8A
LTR/ERV1,MER4A,LTR,ERV1,MER4A
LTR/ERV1,LTR38-int,LTR,ERV1,LTR38-int
LTR/ERVK,HERVK13-int,LTR,ERVK,HERVK13-int
LTR/ERVK,LTR3B_,LTR,ERVK,LTR3B_
LTR/ERVL-MaLR,MLT1E1,LTR,ERVL-MaLR,MLT1E1
LTR/ERV1,LTR78B,LTR,ERV1,LTR78B
LINE/L1,L1MB1,LINE,L1,L1MB1
DNA/TcMar-Tigger,Tigger4a,DNA,TcMar-Tigger,Tigger4a
LINE/L1,L1MD2,LINE,L1,L1MD2
DNA/hAT-Tip100,MER115,DNA,hAT-Tip100,MER115
LTR/ERVL,MER77,LTR,ERVL,MER77
LTR/ERVK,LTR3A,LTR,ERVK,LTR3A
LTR/ERVL,MER77B,LTR,ERVL,MER77B
LTR/ERVL,LTR33C,LTR,ERVL,LTR33C
LTR/Gypsy?,LTR85c,LTR,Gypsy?,LTR85c
DNA/TcMar-Tc2,Kanga1a,DNA,TcMar-Tc2,Kanga1a
DNA/TcMar-Tc2,Kanga1d,DNA,TcMar-Tc2,Kanga1d
LTR/ERVL,LTR105_Mam,LTR,ERVL,LTR105_Mam
LTR/ERVL,MLT2B2,LTR,ERVL,MLT2B2
LTR/ERVL-MaLR,MLT1L,LTR,ERVL-MaLR,MLT1L
DNA/PiggyBac,MER85,DNA,PiggyBac,MER85
LTR/ERVL-MaLR,MLT1J1,LTR,ERVL-MaLR,MLT1J1
LTR/ERV1,MER92B,LTR,ERV1,MER92B
LTR/ERV1,LTR10E,LTR,ERV1,LTR10E
DNA/hAT-Blackjack,MER63C,DNA,hAT-Blackjack,MER63C
LTR/ERVL,LTR16E2,LTR,ERVL,LTR16E2
LINE/L1,L1PA13,LINE,L1,L1PA13
DNA/TcMar-Tc2,Kanga1b,DNA,TcMar-Tc2,Kanga1b
LTR/ERVL-MaLR,MLT1F1,LTR,ERVL-MaLR,MLT1F1
LINE/RTE-X,L4_B_Mam,LINE,RTE-X,L4_B_Mam
LINE/L1,L1ME5,LINE,L1,L1ME5
DNA/hAT-Tip100,MamRep4096,DNA,hAT-Tip100,MamRep4096
LTR/ERVL,MER21B,LTR,ERVL,MER21B
LINE/L1,L1P2,LINE,L1,L1P2
LTR/Gypsy?,LTR85a,LTR,Gypsy?,LTR85a
DNA/TcMar-Tigger,Tigger19a,DNA,TcMar-Tigger,Tigger19a
LINE/L1,HAL1ME,LINE,L1,HAL1ME
LTR/ERV1,LTR24C,LTR,ERV1,LTR24C
LINE/L1,L1MA1,LINE,L1,L1MA1
LTR/ERVL-MaLR,MSTC,LTR,ERVL-MaLR,MSTC
SINE/Alu,AluYb8,SINE,Alu,AluYb8
LTR/ERVL,MER21A,LTR,ERVL,MER21A
DNA/TcMar-Tigger,X6a_DNA,DNA,TcMar-Tigger,X6a_DNA
LTR/ERVL-MaLR,MSTB2,LTR,ERVL-MaLR,MSTB2
LTR/ERVL,MLT2A2,LTR,ERVL,MLT2A2
LTR/ERV1,MER48,LTR,ERV1,MER48
LTR/ERV1,HERVH-int,LTR,ERV1,HERVH-int
LINE/L1,L1PA17,LINE,L1,L1PA17
LINE/L1,L1PB4,LINE,L1,L1PB4
LTR/ERVL,LTR53B,LTR,ERVL,LTR53B
LINE/L1,L1ME3F,LINE,L1,L1ME3F
LTR/ERV1,MER61B,LTR,ERV1,MER61B
LTR/ERVL-MaLR,MLT1A0-int,LTR,ERVL-MaLR,MLT1A0-int
LTR/ERV1,LOR1a,LTR,ERV1,LOR1a
LTR/ERVL,LTR33A_,LTR,ERVL,LTR33A_
LTR/ERV1,MER57B1,LTR,ERV1,MER57B1
SINE/Alu,AluYh7,SINE,Alu,AluYh7
LTR/ERVL,LTR16A2,LTR,ERVL,LTR16A2
LTR/ERVL,LTR53,LTR,ERVL,LTR53
LINE/CR1,X17_LINE,LINE,CR1,X17_LINE
LTR/ERV1,MER90,LTR,ERV1,MER90
LTR/ERVL,LTR50,LTR,ERVL,LTR50
LTR/ERV1,LTR1A2,LTR,ERV1,LTR1A2
LTR/ERVL?,LTR89B,LTR,ERVL?,LTR89B
LTR/ERVK,MER11A,LTR,ERVK,MER11A
LTR/Gypsy,LTR81AB,LTR,Gypsy,LTR81AB
LTR/ERV1,LTR1B1,LTR,ERV1,LTR1B1
LTR/ERV1,MER61D,LTR,ERV1,MER61D
LTR/ERV1,MER61A,LTR,ERV1,MER61A
DNA/hAT-Tip100,Arthur1,DNA,hAT-Tip100,Arthur1
LINE/CR1,X7B_LINE,LINE,CR1,X7B_LINE
LTR/ERV1,LTR8,LTR,ERV1,LTR8
DNA/hAT-Tip100?,Eutr15,DNA,hAT-Tip100?,Eutr15
LINE/L1,L1MA6,LINE,L1,L1MA6
DNA/TcMar-Tigger,MamRep434,DNA,TcMar-Tigger,MamRep434
LINE/L1,L1PB2,LINE,L1,L1PB2
LINE/L1,L1P3,LINE,L1,L1P3
LTR,EUTREP8,LTR,,EUTREP8
LINE/CR1,CR1_Mam,LINE,CR1,CR1_Mam
DNA/hAT-Tip100,MER45R,DNA,hAT-Tip100,MER45R
DNA/TcMar-Tigger,Tigger17a,DNA,TcMar-Tigger,Tigger17a
DNA/hAT-Tip100,MamTip1,DNA,hAT-Tip100,MamTip1
LTR/ERVL,LTR101_Mam,LTR,ERVL,LTR101_Mam
LINE/CR1,X6B_LINE,LINE,CR1,X6B_LINE
LTR/ERVL-MaLR,MLT1G,LTR,ERVL-MaLR,MLT1G
DNA/TcMar-Tigger,Tigger11a,DNA,TcMar-Tigger,Tigger11a
LTR/ERV1,MER110,LTR,ERV1,MER110
LTR/ERVL-MaLR,MLT1N2,LTR,ERVL-MaLR,MLT1N2
LTR/ERVL,HERVL66-int,LTR,ERVL,HERVL66-int
LINE/CR1,X6A_LINE,LINE,CR1,X6A_LINE
LTR/ERVL,MER54B,LTR,ERVL,MER54B
LTR/ERVL,MER70A,LTR,ERVL,MER70A
LTR/ERVL-MaLR,MLT1E,LTR,ERVL-MaLR,MLT1E
LINE/L1,L1MD1,LINE,L1,L1MD1
LTR/Gypsy,MamGypsy2-I,LTR,Gypsy,MamGypsy2-I
LTR/Gypsy,MamGypsy2-LTR,LTR,Gypsy,MamGypsy2-LTR
LTR,LTR90B,LTR,,LTR90B
DNA/hAT-Charlie,MER20B,DNA,hAT-Charlie,MER20B
SINE/tRNA-RTE,MamSINE1,SINE,tRNA-RTE,MamSINE1
LTR/ERVL,LTR16D,LTR,ERVL,LTR16D
LTR/ERVL-MaLR,MLT1F,LTR,ERVL-MaLR,MLT1F
LTR/ERV1,LTR24,LTR,ERV1,LTR24
LTR/ERV1,LTR24B,LTR,ERV1,LTR24B
LTR/ERV1,MER57A1,LTR,ERV1,MER57A1
LTR/ERV1,LTR10C,LTR,ERV1,LTR10C
LTR/ERVL-MaLR,MLT1J-int,LTR,ERVL-MaLR,MLT1J-int
DNA/TcMar-Mariner,MADE1,DNA,TcMar-Mariner,MADE1
LTR/ERV1,MER34-int,LTR,ERV1,MER34-int
LTR/ERV1,LTR49-int,LTR,ERV1,LTR49-int
LTR/ERV1,LTR48B,LTR,ERV1,LTR48B
LTR/ERVL,MER70B,LTR,ERVL,MER70B
LINE/L1,HAL1b,LINE,L1,HAL1b
DNA/hAT?,MER121B,DNA,hAT?,MER121B
LINE/L1,L1MEi,LINE,L1,L1MEi
SINE/tRNA,LFSINE_Vert,SINE,tRNA,LFSINE_Vert
DNA/TcMar-Tigger,Tigger9b,DNA,TcMar-Tigger,Tigger9b
LINE/L2,UCON49,LINE,L2,UCON49
DNA/TcMar-Tc2,Kanga2_a,DNA,TcMar-Tc2,Kanga2_a
DNA/TcMar-Tigger,Tigger23a,DNA,TcMar-Tigger,Tigger23a
LTR/Gypsy,MamGypLTR1a,LTR,Gypsy,MamGypLTR1a
LINE/L1,L1MEj,LINE,L1,L1MEj
LINE/RTE-X,L4_A_Mam,LINE,RTE-X,L4_A_Mam
DNA/hAT,MamRep38,DNA,hAT,MamRep38
LINE/L1,L1PB3,LINE,L1,L1PB3
LTR/ERV1,ERV24_Prim-int,LTR,ERV1,ERV24_Prim-int
LTR/ERV1,LTR23-int,LTR,ERV1,LTR23-int
LTR/ERV1,MER34B,LTR,ERV1,MER34B
LTR/ERV1,LTR54,LTR,ERV1,LTR54
LTR/ERV1,MER34C,LTR,ERV1,MER34C
DNA/PiggyBac,MER75A,DNA,PiggyBac,MER75A
LTR/ERVL,LTR16A,LTR,ERVL,LTR16A
LINE/L1,L1M6,LINE,L1,L1M6
DNA/TcMar-Tigger,MER44D,DNA,TcMar-Tigger,MER44D
LTR/ERV1,MER34A1,LTR,ERV1,MER34A1
LINE/RTE-X,L4_C_Mam,LINE,RTE-X,L4_C_Mam
DNA/hAT-Tip100?,MamRep1879,DNA,hAT-Tip100?,MamRep1879
DNA/hAT-Blackjack,MER94,DNA,hAT-Blackjack,MER94
DNA/TcMar-Tigger,X12_DNA,DNA,TcMar-Tigger,X12_DNA
LTR/ERVL,LTR16B2,LTR,ERVL,LTR16B2
DNA/hAT-Tip100,Zaphod3,DNA,hAT-Tip100,Zaphod3
DNA/hAT-Charlie,MER58D,DNA,hAT-Charlie,MER58D
DNA/hAT-Tip100,MamTip2,DNA,hAT-Tip100,MamTip2
LTR/ERVL,LTR33A,LTR,ERVL,LTR33A
LTR/ERV1,MER41A,LTR,ERV1,MER41A
LTR/ERV1,LTR8B,LTR,ERV1,LTR8B
DNA/hAT-Charlie,MER5C,DNA,hAT-Charlie,MER5C
LTR/ERVL-MaLR,MLT1C2-int,LTR,ERVL-MaLR,MLT1C2-int
DNA/TcMar-Tigger,Tigger13a,DNA,TcMar-Tigger,Tigger13a
LTR/ERVL,LTR16D2,LTR,ERVL,LTR16D2
DNA/hAT-Tip100,ORSL,DNA,hAT-Tip100,ORSL
DNA/TcMar-Mariner,MARNA,DNA,TcMar-Mariner,MARNA
LTR/ERVL-MaLR,MLT1G1-int,LTR,ERVL-MaLR,MLT1G1-int
LTR/ERVL,LTR84b,LTR,ERVL,LTR84b
LTR/ERV1,LTR1C,LTR,ERV1,LTR1C
LTR/ERVL-MaLR,THE1A-int,LTR,ERVL-MaLR,THE1A-int
LTR,LTR91,LTR,,LTR91
LTR/ERVL,LTR41B,LTR,ERVL,LTR41B
LTR,LTR91A,LTR,,LTR91A
SINE/Alu,AluSq10,SINE,Alu,AluSq10
LINE/Jockey,X12_LINE,LINE,Jockey,X12_LINE
DNA/hAT-Charlie,MER105,DNA,hAT-Charlie,MER105
LTR/ERV1,LTR19B,LTR,ERV1,LTR19B
LTR/ERV1,HERVIP10FH-int,LTR,ERV1,HERVIP10FH-int
DNA/hAT-Charlie,Charlie16a,DNA,hAT-Charlie,Charlie16a
DNA/hAT-Tip100,FordPrefect_a,DNA,hAT-Tip100,FordPrefect_a
LTR/ERVK,MER11C,LTR,ERVK,MER11C
LTR/ERV1,LTR71B,LTR,ERV1,LTR71B
LTR/ERVL,LTR16D1,LTR,ERVL,LTR16D1
LINE/L1,L1MA3,LINE,L1,L1MA3
DNA/hAT-Charlie,Charlie18a,DNA,hAT-Charlie,Charlie18a
LTR/ERV1,MER51E,LTR,ERV1,MER51E
DNA/hAT-Tip100,MER91C,DNA,hAT-Tip100,MER91C
LTR/ERVL,LTR86A1,LTR,ERVL,LTR86A1
LTR/ERV1,LTR75_1,LTR,ERV1,LTR75_1
LTR/ERV1,MER72,LTR,ERV1,MER72
LINE/L2,L2-3_Crp,LINE,L2,L2-3_Crp
DNA/hAT-Charlie,Charlie32a,DNA,hAT-Charlie,Charlie32a
LTR/ERVL-MaLR,MLT1D-int,LTR,ERVL-MaLR,MLT1D-int
LTR/ERV1,MER52D,LTR,ERV1,MER52D
LINE/L1,L1M,LINE,L1,L1M
LINE/L2,X15_LINE,LINE,L2,X15_LINE
LTR/ERV1,LTR12E,LTR,ERV1,LTR12E
LTR/ERV1,LTR21B,LTR,ERV1,LTR21B
LTR/ERV1,HERVFH21-int,LTR,ERV1,HERVFH21-int
LTR/ERVK,LTR14B,LTR,ERVK,LTR14B
SINE/Alu,AluYk4,SINE,Alu,AluYk4
DNA/hAT-Charlie,Cheshire,DNA,hAT-Charlie,Cheshire
LTR?,MamRep605b,LTR?,,MamRep605b
LTR/ERV1,LTR12,LTR,ERV1,LTR12
LTR/ERV1,MER101,LTR,ERV1,MER101
LINE/CR1,X7C_LINE,LINE,CR1,X7C_LINE
LTR/ERV1,LTR36,LTR,ERV1,LTR36
DNA,MER126,DNA,,MER126
DNA,MER130,DNA,,MER130
LTR/ERVL-MaLR,MLT1M,LTR,ERVL-MaLR,MLT1M
LTR/ERVL,MLT2A1,LTR,ERVL,MLT2A1
LTR/ERV1,LTR71A,LTR,ERV1,LTR71A
DNA/hAT,UCON73,DNA,hAT,UCON73
LINE/Penelope,Penelope1_Vert,LINE,Penelope,Penelope1_Vert
DNA/TcMar-Tigger,Tigger14a,DNA,TcMar-Tigger,Tigger14a
DNA/hAT-Charlie,Charlie7a,DNA,hAT-Charlie,Charlie7a
DNA/TcMar-Tigger,MamRep137,DNA,TcMar-Tigger,MamRep137
DNA/hAT-Charlie,Charlie29a,DNA,hAT-Charlie,Charlie29a
DNA/hAT-Charlie,Charlie17a,DNA,hAT-Charlie,Charlie17a
DNA/hAT-Blackjack,MER94B,DNA,hAT-Blackjack,MER94B
DNA?,Eulor2A,DNA?,,Eulor2A
LINE/L1,X9_LINE,LINE,L1,X9_LINE
LTR/ERVL,LTR86A2,LTR,ERVL,LTR86A2
DNA/hAT-Charlie,MER102b,DNA,hAT-Charlie,MER102b
LINE/CR1,X5B_LINE,LINE,CR1,X5B_LINE
LINE/CR1,X20_LINE,LINE,CR1,X20_LINE
LINE/Dong-R4,Mam_R4,LINE,Dong-R4,Mam_R4
LTR/ERVL,MLT2C2,LTR,ERVL,MLT2C2
DNA/MULE-MuDR,Ricksha_c,DNA,MULE-MuDR,Ricksha_c
LTR/ERVL-MaLR,MLT1G3,LTR,ERVL-MaLR,MLT1G3
DNA,X9a_DNA,DNA,,X9a_DNA
LINE/CR1,CR1-16_AMi,LINE,CR1,CR1-16_AMi
DNA/hAT-Tip100,MER96B,DNA,hAT-Tip100,MER96B
LTR/ERV1,LTR1F,LTR,ERV1,LTR1F
DNA/hAT-Charlie,Charlie24,DNA,hAT-Charlie,Charlie24
DNA/PiggyBac,MER75B,DNA,PiggyBac,MER75B
LTR/ERV1,MER90a,LTR,ERV1,MER90a
LINE/L1,L1MA4A,LINE,L1,L1MA4A
DNA/TcMar-Tigger,Tigger3b,DNA,TcMar-Tigger,Tigger3b
DNA/hAT-Tip100,Zaphod,DNA,hAT-Tip100,Zaphod
LTR/ERV1,MER84,LTR,ERV1,MER84
LTR/ERV1,MER84-int,LTR,ERV1,MER84-int
DNA/hAT-Tip100,MARE4,DNA,hAT-Tip100,MARE4
DNA/hAT-Charlie,Charlie10,DNA,hAT-Charlie,Charlie10
LTR/ERV1,LTR9D,LTR,ERV1,LTR9D
Retroposon/SVA,SVA_F,Retroposon,SVA,SVA_F
DNA/hAT-Charlie,Charlie26a,DNA,hAT-Charlie,Charlie26a
DNA/hAT-Charlie,Charlie21a,DNA,hAT-Charlie,Charlie21a
LTR/Gypsy,MamGypLTR2c,LTR,Gypsy,MamGypLTR2c
DNA/hAT-Ac,EuthAT-2,DNA,hAT-Ac,EuthAT-2
LTR/ERV1,LTR29,LTR,ERV1,LTR29
Retroposon/SVA,SVA_B,Retroposon,SVA,SVA_B
LTR/Gypsy,MamGypLTR1b,LTR,Gypsy,MamGypLTR1b
DNA/hAT-Charlie,Charlie10a,DNA,hAT-Charlie,Charlie10a
LTR/ERVL,LTR86C,LTR,ERVL,LTR86C
DNA/hAT-Charlie,Charlie2a,DNA,hAT-Charlie,Charlie2a
DNA/TcMar-Tc2,MER104,DNA,TcMar-Tc2,MER104
Retroposon/SVA,SVA_A,Retroposon,SVA,SVA_A
DNA/TcMar-Tc2,Kanga11a,DNA,TcMar-Tc2,Kanga11a
DNA/hAT-Charlie,MER5C1,DNA,hAT-Charlie,MER5C1
DNA/hAT-Charlie,Charlie23a,DNA,hAT-Charlie,Charlie23a
DNA/TcMar-Tigger,Tigger9a,DNA,TcMar-Tigger,Tigger9a
DNA/hAT-Charlie,Charlie17,DNA,hAT-Charlie,Charlie17
LINE/L1,L1MCb,LINE,L1,L1MCb
DNA/TcMar-Tc1,X32_DNA,DNA,TcMar-Tc1,X32_DNA
LINE/L1,L1MCa,LINE,L1,L1MCa
LTR/Gypsy,MamGypLTR4,LTR,Gypsy,MamGypLTR4
DNA,MARE8,DNA,,MARE8
LTR/ERV1,MER51B,LTR,ERV1,MER51B
LTR/ERV1,HERV9-int,LTR,ERV1,HERV9-int
LTR/ERVL,LTR47A,LTR,ERVL,LTR47A
LTR/ERVL,LTR82A,LTR,ERVL,LTR82A
LTR/ERV1,LTR21A,LTR,ERV1,LTR21A
LTR/ERVL,HERVL40-int,LTR,ERVL,HERVL40-int
LTR/ERV1,LTR77,LTR,ERV1,LTR77
LTR/ERV1,LTR61,LTR,ERV1,LTR61
DNA/hAT-Charlie,MER106B,DNA,hAT-Charlie,MER106B
LTR/ERV1,LTR56,LTR,ERV1,LTR56
LTR/ERV1,MER4C,LTR,ERV1,MER4C
LTR/ERV1,LTR23,LTR,ERV1,LTR23
LTR/ERV1,MER41E,LTR,ERV1,MER41E
SINE/Alu,AluYe6,SINE,Alu,AluYe6
LTR/ERV1,HERVFH19-int,LTR,ERV1,HERVFH19-int
LTR/ERV1,MER110A,LTR,ERV1,MER110A
SINE/Alu,AluYd8,SINE,Alu,AluYd8
LTR/ERVK,MER11D,LTR,ERVK,MER11D
DNA/TcMar-Tigger,Tigger10,DNA,TcMar-Tigger,Tigger10
DNA/hAT-Tip100,hAT-N1a_Mam,DNA,hAT-Tip100,hAT-N1a_Mam
LTR/Gypsy,MamGypLTR3a,LTR,Gypsy,MamGypLTR3a
LTR/ERVL?,Eutr10,LTR,ERVL?,Eutr10
LTR/ERV1,LTR26E,LTR,ERV1,LTR26E
DNA/hAT-Tip100,MamRep488,DNA,hAT-Tip100,MamRep488
LTR/ERVL,MLT2B5,LTR,ERVL,MLT2B5
DNA/hAT-Charlie,Charlie7,DNA,hAT-Charlie,Charlie7
DNA/hAT-Tip100,Zaphod2,DNA,hAT-Tip100,Zaphod2
LINE/CR1,CR1-3_Croc,LINE,CR1,CR1-3_Croc
LTR/Gypsy?,LTR85b,LTR,Gypsy?,LTR85b
LTR/ERV1,LTR9,LTR,ERV1,LTR9
LTR/ERV1,LTR60B,LTR,ERV1,LTR60B
LTR/ERV1,LTR2,LTR,ERV1,LTR2
LTR/ERV1,MER57C1,LTR,ERV1,MER57C1
LTR/ERVL,MER21-int,LTR,ERVL,MER21-int
SINE/Alu,AluYi6_4d,SINE,Alu,AluYi6_4d
Retroposon/SVA,SVA_C,Retroposon,SVA,SVA_C
DNA/TcMar-Tigger,Tigger4,DNA,TcMar-Tigger,Tigger4
DNA/TcMar-Tigger,MER47C,DNA,TcMar-Tigger,MER47C
DNA/hAT-Tip100,ORSL-2a,DNA,hAT-Tip100,ORSL-2a
LTR/ERV1,LTR1D1,LTR,ERV1,LTR1D1
LTR/ERV1,LTR51,LTR,ERV1,LTR51
DNA/TcMar-Tc2,Kanga1c,DNA,TcMar-Tc2,Kanga1c
DNA/hAT-Tip100,Zaphod5a,DNA,hAT-Tip100,Zaphod5a
LINE/CR1,X7D_LINE,LINE,CR1,X7D_LINE
DNA/hAT-Charlie,MER106A,DNA,hAT-Charlie,MER106A
LTR/ERVL,LTR84a,LTR,ERVL,LTR84a
DNA/TcMar-Tigger,Tigger16b,DNA,TcMar-Tigger,Tigger16b
DNA?,UCON14,DNA?,,UCON14
DNA/Kolobok,UCON29,DNA,Kolobok,UCON29
DNA/hAT-Charlie,Charlie13a,DNA,hAT-Charlie,Charlie13a
LTR/ERVL,MLT2F,LTR,ERVL,MLT2F
LINE/L2,L2-1_AMi,LINE,L2,L2-1_AMi
DNA/hAT?,UCON105,DNA,hAT?,UCON105
DNA/hAT-Charlie,UCON81,DNA,hAT-Charlie,UCON81
DNA/hAT-Charlie,Charlie4,DNA,hAT-Charlie,Charlie4
LTR/ERV1,LTR26C,LTR,ERV1,LTR26C
SINE/Alu,AluYk11,SINE,Alu,AluYk11
DNA/TcMar-Tigger,MER2B,DNA,TcMar-Tigger,MER2B
DNA/TcMar-Tc1,EutTc1-N2,DNA,TcMar-Tc1,EutTc1-N2
LINE/L2,L2-2_Mam,LINE,L2,L2-2_Mam
DNA/TcMar,X5a_DNA,DNA,TcMar,X5a_DNA
DNA/hAT-Charlie,Charlie13b,DNA,hAT-Charlie,Charlie13b
LINE/CR1,CR1-8_Crp,LINE,CR1,CR1-8_Crp
LTR/ERVL,LTR16,LTR,ERVL,LTR16
LTR/ERV1,LTR43B,LTR,ERV1,LTR43B
LTR/ERV1?,LTR103_Mam,LTR,ERV1?,LTR103_Mam
LTR/ERVL,LTR47B2,LTR,ERVL,LTR47B2
DNA/TcMar-Tigger,X1_DNA,DNA,TcMar-Tigger,X1_DNA
DNA/TcMar-Tc1,X33a_DNA,DNA,TcMar-Tc1,X33a_DNA
DNA/TcMar-Tigger,Tigger22N1,DNA,TcMar-Tigger,Tigger22N1
LTR/ERV1,ERV24B_Prim-int,LTR,ERV1,ERV24B_Prim-int
DNA/TcMar-Mariner,HSMAR1,DNA,TcMar-Mariner,HSMAR1
LTR/ERV1,MER34B-int,LTR,ERV1,MER34B-int
LINE/L1,L1P4a,LINE,L1,L1P4a
LTR/ERVL,LTR75B,LTR,ERVL,LTR75B
LTR/ERV1,LTR1C1,LTR,ERV1,LTR1C1
LTR/ERV1,MER67B,LTR,ERV1,MER67B
DNA/TcMar-Tigger,X6b_DNA,DNA,TcMar-Tigger,X6b_DNA
DNA/hAT-Charlie,UCON34,DNA,hAT-Charlie,UCON34
DNA,Eutr11,DNA,,Eutr11
DNA/hAT-Tip100,MER97c,DNA,hAT-Tip100,MER97c
LTR/ERVL,MLT2E,LTR,ERVL,MLT2E
LTR/ERV1,LTR65,LTR,ERV1,LTR65
DNA/TcMar-Mariner,HSMAR2,DNA,TcMar-Mariner,HSMAR2
DNA/TcMar-Tigger,Tigger8,DNA,TcMar-Tigger,Tigger8
LTR/ERV1,MER52-int,LTR,ERV1,MER52-int
LTR/ERVK,LTR22B1,LTR,ERVK,LTR22B1
LTR/ERV1,HERV4_I-int,LTR,ERV1,HERV4_I-int
DNA/hAT-Tip100,Zaphod4a,DNA,hAT-Tip100,Zaphod4a
LTR/ERVL,MER68-int,LTR,ERVL,MER68-int
LTR/ERVL,MER70C,LTR,ERVL,MER70C
LTR/ERVL,LTR102_Mam,LTR,ERVL,LTR102_Mam
DNA/TcMar-Tigger,MER6,DNA,TcMar-Tigger,MER6
DNA/TcMar-Tigger,Tigger6a,DNA,TcMar-Tigger,Tigger6a
LTR/ERV1,PRIMA4-int,LTR,ERV1,PRIMA4-int
LTR/ERVK,HERVK-int,LTR,ERVK,HERVK-int
LTR/ERV1,MER41G,LTR,ERV1,MER41G
LTR/ERV1,LTR44,LTR,ERV1,LTR44
LTR/ERV1,LTR45B,LTR,ERV1,LTR45B
LTR/ERV1,MER57A-int,LTR,ERV1,MER57A-int
LTR/ERV1,LTR45,LTR,ERV1,LTR45
LTR/ERV1,LTR7Y,LTR,ERV1,LTR7Y
LTR/ERV1,LTR1C3,LTR,ERV1,LTR1C3
LINE/L1,L1M3f,LINE,L1,L1M3f
LTR/ERV1,HERV3-int,LTR,ERV1,HERV3-int
LTR/ERV1,HERV1_I-int,LTR,ERV1,HERV1_I-int
DNA/TcMar-Tigger,Tigger6,DNA,TcMar-Tigger,Tigger6
LTR/ERV1,HERVE-int,LTR,ERV1,HERVE-int
LTR/ERVL,LTR57,LTR,ERVL,LTR57
LTR/ERV1,HERV9NC-int,LTR,ERV1,HERV9NC-int
LTR/ERV1,LTR12D,LTR,ERV1,LTR12D
LTR/ERV1,LOR1b,LTR,ERV1,LOR1b
LTR/Gypsy?,LTR88a,LTR,Gypsy?,LTR88a
DNA/TcMar-Tigger,MER6B,DNA,TcMar-Tigger,MER6B
LTR/ERV1,LTR10B,LTR,ERV1,LTR10B
LTR/ERVK,LTR14A,LTR,ERVK,LTR14A
DNA?,UCON58,DNA?,,UCON58
DNA/hAT-Tip100,MamTip1b,DNA,hAT-Tip100,MamTip1b
DNA/TcMar-Tigger,MER6C,DNA,TcMar-Tigger,MER6C
LTR/ERVK,LTR22A,LTR,ERVK,LTR22A
DNA/TcMar-Tigger,Tigger18a,DNA,TcMar-Tigger,Tigger18a
DNA/TcMar-Tigger,Tigger2b_Pri,DNA,TcMar-Tigger,Tigger2b_Pri
LTR/ERVL-MaLR,MST-int,LTR,ERVL-MaLR,MST-int
SINE/Alu,AluYb9,SINE,Alu,AluYb9
DNA/MULE-MuDR,Ricksha,DNA,MULE-MuDR,Ricksha
DNA/MULE-MuDR,Ricksha_a,DNA,MULE-MuDR,Ricksha_a
LTR/ERVL,LTR80A,LTR,ERVL,LTR80A
DNA/hAT-Charlie,Charlie31a,DNA,hAT-Charlie,Charlie31a
LTR/ERVL,LTR86B1,LTR,ERVL,LTR86B1
LTR/Gypsy,MamGypLTR1c,LTR,Gypsy,MamGypLTR1c
LTR/ERVL,LTR82B,LTR,ERVL,LTR82B
LTR/Gypsy?,LTR88b,LTR,Gypsy?,LTR88b
RC?/Helitron?,Helitron2Na_Mam,RC?,Helitron?,Helitron2Na_Mam
LTR/ERVL-MaLR,MLT1F-int,LTR,ERVL-MaLR,MLT1F-int
LTR/ERVL?,LTR55,LTR,ERVL?,LTR55
DNA,X34_DNA,DNA,,X34_DNA
LINE/L1,L1HS,LINE,L1,L1HS
DNA/TcMar-Tigger,MER6A,DNA,TcMar-Tigger,MER6A
LTR/ERVL-MaLR,MLT1I-int,LTR,ERVL-MaLR,MLT1I-int
LTR/ERV1,LTR9A1,LTR,ERV1,LTR9A1
DNA/TcMar-Tigger,Tigger12c,DNA,TcMar-Tigger,Tigger12c
DNA/TcMar-Tigger,Tigger12A,DNA,TcMar-Tigger,Tigger12A
LTR/ERVL,HERVL74-int,LTR,ERVL,HERVL74-int
DNA/hAT-Tip100,MamTip3,DNA,hAT-Tip100,MamTip3
DNA,MER135,DNA,,MER135
LTR/ERVL,LTR32,LTR,ERVL,LTR32
LINE/CR1,CR1-1_Amn,LINE,CR1,CR1-1_Amn
LINE/CR1,X1_LINE,LINE,CR1,X1_LINE
LTR/ERVL,LTR16B,LTR,ERVL,LTR16B
DNA/TcMar-Tigger,MER127,DNA,TcMar-Tigger,MER127
LTR/ERV1,LTR10D,LTR,ERV1,LTR10D
LTR/ERV1,PRIMA4_LTR,LTR,ERV1,PRIMA4_LTR
LTR/ERV1,MER57E2,LTR,ERV1,MER57E2
LTR/Gypsy,MamGypLTR1d,LTR,Gypsy,MamGypLTR1d
LINE/CR1,CR1-L3A_Croc,LINE,CR1,CR1-L3A_Croc
DNA,UCON78,DNA,,UCON78
LTR/ERV1,MER57F,LTR,ERV1,MER57F
DNA/TcMar,DNA1_Mam,DNA,TcMar,DNA1_Mam
DNA/hAT-Charlie,Charlie17b,DNA,hAT-Charlie,Charlie17b
LTR/ERVL-MaLR,MLT1J1-int,LTR,ERVL-MaLR,MLT1J1-int
LTR?,MER129,LTR?,,MER129
DNA/TcMar-Tigger,MERX,DNA,TcMar-Tigger,MERX
DNA/TcMar-Tigger,Tigger17,DNA,TcMar-Tigger,Tigger17
LTR,EUTREP16,LTR,,EUTREP16
LTR/ERV1,LTR4,LTR,ERV1,LTR4
LTR/ERV1,MER87,LTR,ERV1,MER87
LTR/ERV1,LTR49,LTR,ERV1,LTR49
LTR/ERV1,MER51D,LTR,ERV1,MER51D
LTR/ERV1,PRIMA41-int,LTR,ERV1,PRIMA41-int
LTR/ERV1,LTR39-int,LTR,ERV1,LTR39-int
DNA/TcMar-Tigger,X9b_DNA,DNA,TcMar-Tigger,X9b_DNA
LTR/ERV1,MER57B2,LTR,ERV1,MER57B2
LTR/ERV1,LTR54B,LTR,ERV1,LTR54B
LTR/ERV1,LTR76,LTR,ERV1,LTR76
LTR/Gypsy,MamGypLTR2b,LTR,Gypsy,MamGypLTR2b
LTR/ERV1,MER50C,LTR,ERV1,MER50C
LTR/ERV1,PABL_B,LTR,ERV1,PABL_B
LTR/ERV1,LTR15,LTR,ERV1,LTR15
LTR/ERV1,LTR38B,LTR,ERV1,LTR38B
LTR/ERV1,HERV-Fc2_LTR,LTR,ERV1,HERV-Fc2_LTR
LTR/ERV1,MER61-int,LTR,ERV1,MER61-int
LTR/Gypsy,LTR81A,LTR,Gypsy,LTR81A
DNA/TcMar,UCON44,DNA,TcMar,UCON44
DNA/hAT?,UCON89,DNA,hAT?,UCON89
DNA/hAT-Charlie,Chap1_Mam,DNA,hAT-Charlie,Chap1_Mam
RC/Helitron,Helitron1Na_Mam,RC,Helitron,Helitron1Na_Mam
RC/Helitron,Helitron1Nb_Mam,RC,Helitron,Helitron1Nb_Mam
LTR?,Eutr18,LTR?,,Eutr18
DNA/TcMar-Tigger,X11_DNA,DNA,TcMar-Tigger,X11_DNA
DNA,X23_DNA,DNA,,X23_DNA
DNA/TcMar-Tigger,UCON11,DNA,TcMar-Tigger,UCON11
LTR/ERV1,MER41-int,LTR,ERV1,MER41-int
LTR/ERV1,LTR1F1,LTR,ERV1,LTR1F1
LINE/CR1,X8_LINE,LINE,CR1,X8_LINE
LINE/L2,L2-1_Crp,LINE,L2,L2-1_Crp
LTR/ERV1,MER4D0,LTR,ERV1,MER4D0
DNA/hAT-Charlie,MER30B,DNA,hAT-Charlie,MER30B
LTR/ERV1,HUERS-P3-int,LTR,ERV1,HUERS-P3-int
DNA,Eutr2B,DNA,,Eutr2B
LTR/ERV1,HERV35I-int,LTR,ERV1,HERV35I-int
LTR/ERV1,LTR37-int,LTR,ERV1,LTR37-int
LTR/ERV1,LTR28B,LTR,ERV1,LTR28B
DNA/hAT-Charlie,Charlie14a,DNA,hAT-Charlie,Charlie14a
DNA/hAT,MamRep1894,DNA,hAT,MamRep1894
LINE/L1,L1MEg2,LINE,L1,L1MEg2
LTR/ERVK,LTR14,LTR,ERVK,LTR14
LTR/ERVK,HERVK14C-int,LTR,ERVK,HERVK14C-int
LTR/ERV1,MER66A,LTR,ERV1,MER66A
LTR/Gypsy,MamGyp-int,LTR,Gypsy,MamGyp-int
LTR/ERVL-MaLR,MLT1A1-int,LTR,ERVL-MaLR,MLT1A1-int
LTR/ERV1,LTR46-int,LTR,ERV1,LTR46-int
LINE/L1,L1M2a,LINE,L1,L1M2a
LTR/ERV1,MER4-int,LTR,ERV1,MER4-int
LINE/L1,L1P4e,LINE,L1,L1P4e
DNA/hAT-Charlie,Charlie9,DNA,hAT-Charlie,Charlie9
LTR/ERV1,LTR26D,LTR,ERV1,LTR26D
LTR,LTR107_Mam,LTR,,LTR107_Mam
DNA/TcMar,X4b_DNA,DNA,TcMar,X4b_DNA
DNA?,UCON21,DNA?,,UCON21
DNA/TcMar-Tigger,Tigger20a,DNA,TcMar-Tigger,Tigger20a
LTR/ERVL-MaLR,MLT1A-int,LTR,ERVL-MaLR,MLT1A-int
DNA,Eulor1,DNA,,Eulor1
LTR/ERV1,LTR7C,LTR,ERV1,LTR7C
LTR/ERVL,MER73,LTR,ERVL,MER73
LINE/L1,L1PBa,LINE,L1,L1PBa
LTR/ERV1,LTR06,LTR,ERV1,LTR06
LTR/ERV1,LTR1E,LTR,ERV1,LTR1E
LTR/ERV1,LTR48,LTR,ERV1,LTR48
DNA,X2a_DNA,DNA,,X2a_DNA
DNA/hAT-Tip100?,hAT-N1_Mam,DNA,hAT-Tip100?,hAT-N1_Mam
LTR/ERVL-MaLR,MLT1E3-int,LTR,ERVL-MaLR,MLT1E3-int
LTR/ERV1,PABL_A,LTR,ERV1,PABL_A
LTR/ERV1,LTR28C,LTR,ERV1,LTR28C
LTR/ERVL-MaLR,MLT1K-int,LTR,ERVL-MaLR,MLT1K-int
LTR/ERV1,MER57-int,LTR,ERV1,MER57-int
LTR/ERVL,LTR47A2,LTR,ERVL,LTR47A2
DNA/hAT-Charlie,UCON38,DNA,hAT-Charlie,UCON38
DNA/hAT-Tip100,Arthur2,DNA,hAT-Tip100,Arthur2
DNA/TcMar-Tigger,Tigger21a,DNA,TcMar-Tigger,Tigger21a
LTR?,Eutr5,LTR?,,Eutr5
LTR/ERV1,MER50-int,LTR,ERV1,MER50-int
DNA/TcMar,X4a_DNA,DNA,TcMar,X4a_DNA
LTR/ERV1,PABL_B-int,LTR,ERV1,PABL_B-int
DNA/hAT-Charlie,Charlie30b,DNA,hAT-Charlie,Charlie30b
DNA/hAT-Charlie,Charlie10b,DNA,hAT-Charlie,Charlie10b
DNA/hAT-Tag1,hAT-5_Mam,DNA,hAT-Tag1,hAT-5_Mam
LTR/ERV1,MER66D,LTR,ERV1,MER66D
LTR/ERVL?,LTR87,LTR,ERVL?,LTR87
LTR/ERV1,HERV1_LTRd,LTR,ERV1,HERV1_LTRd
DNA/TcMar-Tigger,Tigger3,DNA,TcMar-Tigger,Tigger3
LTR/ERVL,LTR80B,LTR,ERVL,LTR80B
LTR/ERVL-MaLR,MLT1E2-int,LTR,ERVL-MaLR,MLT1E2-int
LTR/ERVL-MaLR,MLT1B-int,LTR,ERVL-MaLR,MLT1B-int
DNA?/hAT-Tip100?,Eutr16,DNA?,hAT-Tip100?,Eutr16
DNA/hAT-Tip100,Zaphod5b,DNA,hAT-Tip100,Zaphod5b
LTR/ERV1,MER57E1,LTR,ERV1,MER57E1
DNA/TcMar-Tigger,UCON33,DNA,TcMar-Tigger,UCON33
LTR/ERV1,MER41C,LTR,ERV1,MER41C
LTR/ERV1,EUTREP7,LTR,ERV1,EUTREP7
LINE/L1,L1M2b,LINE,L1,L1M2b
DNA/hAT-Ac,UCON37,DNA,hAT-Ac,UCON37
LTR/ERV1,LTR10F,LTR,ERV1,LTR10F
LINE/RTE-BovB,MamRTE2,LINE,RTE-BovB,MamRTE2
LTR/ERVL-MaLR,MSTD-int,LTR,ERVL-MaLR,MSTD-int
LTR/ERVL,MLT1L,LTR,ERVL,MLT1L
DNA/PiggyBac,Looper,DNA,PiggyBac,Looper
LTR/ERVK,LTR22B2,LTR,ERVK,LTR22B2
DNA?,Eulor12,DNA?,,Eulor12
LTR/ERV1,LTR6A,LTR,ERV1,LTR6A
LTR/ERVL,LTR66,LTR,ERVL,LTR66
LTR/Gypsy,MamGypLTR3,LTR,Gypsy,MamGypLTR3
LTR/ERVL-MaLR,MLT1F1-int,LTR,ERVL-MaLR,MLT1F1-int
DNA,X2b_DNA,DNA,,X2b_DNA
LTR/ERV1,MER51C,LTR,ERV1,MER51C
LTR/ERV1,LTR35A,LTR,ERV1,LTR35A
DNA/hAT-Tip100,MER97b,DNA,hAT-Tip100,MER97b
DNA,Eulor9A,DNA,,Eulor9A
LTR/ERVL-MaLR,MLT1J2-int,LTR,ERVL-MaLR,MLT1J2-int
LTR/ERV1,MER34D,LTR,ERV1,MER34D
LTR/ERV1,MER51-int,LTR,ERV1,MER51-int
LTR/ERV1,MER65C,LTR,ERV1,MER65C
DNA/TcMar-Tigger,UCON55,DNA,TcMar-Tigger,UCON55
LTR/ERV1,LTR12B,LTR,ERV1,LTR12B
DNA/hAT-Tip100,MamTip3B,DNA,hAT-Tip100,MamTip3B
LTR/ERV1,MER57D,LTR,ERV1,MER57D
LTR/ERV1,LTR38,LTR,ERV1,LTR38
LTR/ERV1,LTR35,LTR,ERV1,LTR35
LTR/ERV1,MER50B,LTR,ERV1,MER50B
LTR/ERV1,LTR1D,LTR,ERV1,LTR1D
LTR/ERVL-MaLR,MSTA1-int,LTR,ERVL-MaLR,MSTA1-int
LINE/L1,L1MDb,LINE,L1,L1MDb
DNA?,UCON7,DNA?,,UCON7
LTR/ERVL-MaLR,MLT1G-int,LTR,ERVL-MaLR,MLT1G-int
LTR/ERV1,LTR31,LTR,ERV1,LTR31
LINE/L1,L1M3c,LINE,L1,L1M3c
LTR/ERVK,HERVK22-int,LTR,ERVK,HERVK22-int
LTR/ERV1,LTR17,LTR,ERV1,LTR17
LTR/ERV1,MER83B,LTR,ERV1,MER83B
LTR/ERV1,PrimLTR79,LTR,ERV1,PrimLTR79
LTR/ERV1,LTR27,LTR,ERV1,LTR27
LTR/ERVL,MER74C,LTR,ERVL,MER74C
LTR/ERV1,PABL_A-int,LTR,ERV1,PABL_A-int
LTR/ERVK,MER9a2,LTR,ERVK,MER9a2
LTR/ERV1,LTR2B,LTR,ERV1,LTR2B
LTR/ERV1,LTR1,LTR,ERV1,LTR1
DNA/hAT?,MER99,DNA,hAT?,MER99
LTR/Gypsy?,LTR88c,LTR,Gypsy?,LTR88c
DNA/hAT-Tip100,FordPrefect,DNA,hAT-Tip100,FordPrefect
LINE/L1,L1M3e,LINE,L1,L1M3e
LTR/ERV1,HUERS-P3b-int,LTR,ERV1,HUERS-P3b-int
LTR/ERV1,LTR6B,LTR,ERV1,LTR6B
LTR/ERV1,LTR38A1,LTR,ERV1,LTR38A1
LTR/ERV1?,EUTREP15,LTR,ERV1?,EUTREP15
LTR/ERV1,HERVS71-int,LTR,ERV1,HERVS71-int
LTR/ERVK,HERVK11-int,LTR,ERVK,HERVK11-int
LTR/ERVL-MaLR,MLT1F2-int,LTR,ERVL-MaLR,MLT1F2-int
LTR,LTR90A,LTR,,LTR90A
LTR/ERVL-MaLR,THE1-int,LTR,ERVL-MaLR,THE1-int
LINE/L1,L1M6B,LINE,L1,L1M6B
LTR/ERVL,LTR86B2,LTR,ERVL,LTR86B2
LTR/ERVL,LTR69,LTR,ERVL,LTR69
LTR/ERV1,LTR1F2,LTR,ERV1,LTR1F2
DNA/TcMar-Tigger,Tigger6b,DNA,TcMar-Tigger,Tigger6b
LTR/ERV1,MER89-int,LTR,ERV1,MER89-int
LINE/L1,L1MEg1,LINE,L1,L1MEg1
LTR/ERV1,LTR2752,LTR,ERV1,LTR2752
LINE/L1,L1M3de,LINE,L1,L1M3de
DNA,X24_DNA,DNA,,X24_DNA
DNA?,Eulor2B,DNA?,,Eulor2B
LINE/CR1,X21_LINE,LINE,CR1,X21_LINE
LTR/ERV1,LTR1B0,LTR,ERV1,LTR1B0
LTR/ERV1,LTR43,LTR,ERV1,LTR43
DNA/TcMar-Mariner,UCON40,DNA,TcMar-Mariner,UCON40
LTR/ERVL-MaLR,MLT1N2-int,LTR,ERVL-MaLR,MLT1N2-int
LTR/ERVL,MER70-int,LTR,ERVL,MER70-int
LINE/L1,L1M3d,LINE,L1,L1M3d
LTR/ERVK,LTR5A,LTR,ERVK,LTR5A
LTR/ERV1,LTR34,LTR,ERV1,LTR34
LTR/ERV1,HERV17-int,LTR,ERV1,HERV17-int
DNA,UCON99,DNA,,UCON99
LTR/ERVL-MaLR,MSTB1-int,LTR,ERVL-MaLR,MSTB1-int
LINE/L1,L1PBb,LINE,L1,L1PBb
LTR/ERVK,MER9a3,LTR,ERVK,MER9a3
DNA/hAT-Tip100,EuthAT-N1a,DNA,hAT-Tip100,EuthAT-N1a
LTR/ERVL,MER68C,LTR,ERVL,MER68C
LTR/ERVK,LTR3B,LTR,ERVK,LTR3B
LTR/ERVL,MER76,LTR,ERVL,MER76
LINE/CR1,CR1-12_AMi,LINE,CR1,CR1-12_AMi
DNA/hAT-Tip100,MER97a,DNA,hAT-Tip100,MER97a
LTR/ERVL-MaLR,MLT1H2-int,LTR,ERVL-MaLR,MLT1H2-int
LTR/ERV1,LTR27B,LTR,ERV1,LTR27B
LTR/ERVL,LTR47B4,LTR,ERVL,LTR47B4
LTR/ERV1,LTR19-int,LTR,ERV1,LTR19-int
LTR/ERV1,HERVIP10B3-int,LTR,ERV1,HERVIP10B3-int
DNA/Merlin,Merlin1_HS,DNA,Merlin,Merlin1_HS
LTR/ERVL,LTR108a_Mam,LTR,ERVL,LTR108a_Mam
LTR/ERVL-MaLR,MSTC-int,LTR,ERVL-MaLR,MSTC-int
DNA/TcMar-Tigger,X10b_DNA,DNA,TcMar-Tigger,X10b_DNA
LTR/ERV1,MER83B-int,LTR,ERV1,MER83B-int
DNA,Eutr2,DNA,,Eutr2
DNA/TcMar-Tigger,UCON39,DNA,TcMar-Tigger,UCON39
LTR/ERV1,MER61F,LTR,ERV1,MER61F
LTR/ERV1,LTR1A1,LTR,ERV1,LTR1A1
LTR/ERVL-MaLR,MLT1-int,LTR,ERVL-MaLR,MLT1-int
DNA?/PiggyBac?,EUTREP4,DNA?,PiggyBac?,EUTREP4
LTR/ERV1,LTR72B,LTR,ERV1,LTR72B
LTR/ERV1,LTR27E,LTR,ERV1,LTR27E
LINE/L1,L1P4b,LINE,L1,L1P4b
DNA,Eulor9B,DNA,,Eulor9B
LINE/L1,L1M3a,LINE,L1,L1M3a
LINE/L1,L1P3b,LINE,L1,L1P3b
LINE/CR1,CR1-11_Crp,LINE,CR1,CR1-11_Crp
DNA/hAT-Tip100,hAT-4b_Ther,DNA,hAT-Tip100,hAT-4b_Ther
DNA/hAT-Tip100,MER97d,DNA,hAT-Tip100,MER97d
LTR/ERVK,LTR22C0,LTR,ERVK,LTR22C0
LTR/ERV1,LTR68,LTR,ERV1,LTR68
LINE/CR1,CR1-L3B_Croc,LINE,CR1,CR1-L3B_Croc
LTR/ERV1,LTR12_,LTR,ERV1,LTR12_
LINE/L1,L1P4d,LINE,L1,L1P4d
LINE/CR1,CR1-13_AMi,LINE,CR1,CR1-13_AMi
LTR/ERV1,PRIMAX-int,LTR,ERV1,PRIMAX-int
LTR/ERVL,LTR40A1,LTR,ERVL,LTR40A1
LINE/L2,UCON86,LINE,L2,UCON86
LTR/ERV1,LTR28,LTR,ERV1,LTR28
LINE/L1,L1MEa,LINE,L1,L1MEa
LINE/L1,L1M2a1,LINE,L1,L1M2a1
DNA/TcMar-Pogo,MER132,DNA,TcMar-Pogo,MER132
DNA,UCON8,DNA,,UCON8
LINE/CR1,X2_LINE,LINE,CR1,X2_LINE
LINE/L1-Tx1,MARE6,LINE,L1-Tx1,MARE6
DNA/TcMar?,X22_DNA,DNA,TcMar?,X22_DNA
DNA,MER125,DNA,,MER125
DNA?,Eulor6B,DNA?,,Eulor6B
LTR/ERVL,MER68B,LTR,ERVL,MER68B
DNA?,MER123,DNA?,,MER123
LTR/ERV1,MER95,LTR,ERV1,MER95
DNA?,Eulor6A,DNA?,,Eulor6A
DNA,UCON97,DNA,,UCON97
DNA?,Eulor5A,DNA?,,Eulor5A
LTR/ERV1,MER61C,LTR,ERV1,MER61C
LTR/ERVK,HERVK14-int,LTR,ERVK,HERVK14-int
LTR/ERV1,MER61E,LTR,ERV1,MER61E
DNA/hAT?,UCON69,DNA,hAT?,UCON69
DNA?,MER133A,DNA?,,MER133A
LTR/ERVL,HERVL18-int,LTR,ERVL,HERVL18-int
LTR/ERVL-MaLR,MLT1O-int,LTR,ERVL-MaLR,MLT1O-int
LTR/ERV1,MER72B,LTR,ERV1,MER72B
LTR/ERVL,LTR47B3,LTR,ERVL,LTR47B3
DNA,Eulor9C,DNA,,Eulor9C
LTR/ERVL,LTR18A,LTR,ERVL,LTR18A
LINE/L1,L1M3b,LINE,L1,L1M3b
LTR/ERV1,LTR1B,LTR,ERV1,LTR1B
LTR/ERV1,LTR25-int,LTR,ERV1,LTR25-int
LTR/ERV1,LTR9C,LTR,ERV1,LTR9C
LTR/ERVL-MaLR,LTR67B,LTR,ERVL-MaLR,LTR67B
DNA/hAT?,UCON80,DNA,hAT?,UCON80
DNA/TcMar-Tigger,MARE10,DNA,TcMar-Tigger,MARE10
LTR/ERV1,HUERS-P2-int,LTR,ERV1,HUERS-P2-int
LTR/ERV1,MER67D,LTR,ERV1,MER67D
LTR/ERV1,MER92D,LTR,ERV1,MER92D
LTR/ERV1,MER110-int,LTR,ERV1,MER110-int
LTR/ERV1,MER83C,LTR,ERV1,MER83C
LTR/ERVL,LTR53-int,LTR,ERVL,LTR53-int
LTR/ERV1,HERVP71A-int,LTR,ERV1,HERVP71A-int
DNA/hAT-Charlie,Charlie3,DNA,hAT-Charlie,Charlie3
DNA?,Eulor3,DNA?,,Eulor3
LTR/ERV1,MER101B,LTR,ERV1,MER101B
DNA?,Eulor6D,DNA?,,Eulor6D
LTR/ERVL,HERVL32-int,LTR,ERVL,HERVL32-int
LTR/ERV1,LTR58,LTR,ERV1,LTR58
DNA/TcMar?,Eulor8,DNA,TcMar?,Eulor8
DNA/MULE-MuDR,Ricksha_b,DNA,MULE-MuDR,Ricksha_b
LTR/ERVK,LTR22E,LTR,ERVK,LTR22E
LTR/ERV1,LTR73,LTR,ERV1,LTR73
LTR/ERV1,MER57C2,LTR,ERV1,MER57C2
LINE/L2,X13_LINE,LINE,L2,X13_LINE
DNA?,Eulor6C,DNA?,,Eulor6C
LTR/ERV1,LTR35B,LTR,ERV1,LTR35B
LTR/ERVK,LTR22B,LTR,ERVK,LTR22B
LINE/L1,L1PBa1,LINE,L1,L1PBa1
DNA?,UCON2,DNA?,,UCON2
LTR?,UCON51,LTR?,,UCON51
DNA/TcMar-Tigger,Tigger17b,DNA,TcMar-Tigger,Tigger17b
LTR/ERV1,LTR27D,LTR,ERV1,LTR27D
SINE/Alu,AluYk12,SINE,Alu,AluYk12
DNA?,UCON83,DNA?,,UCON83
DNA?,Eulor2C,DNA?,,Eulor2C
DNA?,UCON62,DNA?,,UCON62
DNA,Eulor11,DNA,,Eulor11
LTR/ERVK,LTR5,LTR,ERVK,LTR5
LTR/ERVL-MaLR,MLT1G3-int,LTR,ERVL-MaLR,MLT1G3-int
LTR/ERV1,LTR19C,LTR,ERV1,LTR19C
LTR/ERV1,HERVH48-int,LTR,ERV1,HERVH48-int
LTR/ERV1,LTR30,LTR,ERV1,LTR30
DNA?,MER134,DNA?,,MER134
LTR/ERVL,LTR52-int,LTR,ERVL,LTR52-int
DNA?,Eulor7,DNA?,,Eulor7
LTR/ERVL-MaLR,MSTB2-int,LTR,ERVL-MaLR,MSTB2-int
DNA?,MER133B,DNA?,,MER133B
LTR/ERVK,HERVKC4-int,LTR,ERVK,HERVKC4-int
LTR/ERV1,HERVE_a-int,LTR,ERV1,HERVE_a-int
LTR/ERVK,LTR22,LTR,ERVK,LTR22
LTR/ERV1,MER87B,LTR,ERV1,MER87B
DNA/hAT-Charlie,Charlie11,DNA,hAT-Charlie,Charlie11
LTR/ERVL,MER88,LTR,ERVL,MER88
LTR/ERVL,LTR108e_Mam,LTR,ERVL,LTR108e_Mam
LTR/ERV1,MER92C,LTR,ERV1,MER92C
LTR/ERV1,HERVI-int,LTR,ERV1,HERVI-int
LTR/ERV1,LTR25,LTR,ERV1,LTR25
LTR/ERV1,LTR60,LTR,ERV1,LTR60
LTR/ERVK,HERVK3-int,LTR,ERVK,HERVK3-int
LINE/L1,L1P,LINE,L1,L1P
DNA/hAT-Charlie,hAT-16_Crp,DNA,hAT-Charlie,hAT-16_Crp
LTR/ERVL,LTR108d_Mam,LTR,ERVL,LTR108d_Mam
LTR/ERVL,LTR18C,LTR,ERVL,LTR18C
LTR/ERV1,MER83A-int,LTR,ERV1,MER83A-int
LTR/ERV1,MER92A,LTR,ERV1,MER92A
LTR/ERV1,LTR10B1,LTR,ERV1,LTR10B1
DNA/hAT-Charlie,Charlie6,DNA,hAT-Charlie,Charlie6
LTR/ERV1,LTR72,LTR,ERV1,LTR72
DNA/hAT-Tip100,EuthAT-N1,DNA,hAT-Tip100,EuthAT-N1
LTR/Gypsy,X1_LR,LTR,Gypsy,X1_LR
LTR/ERVL-MaLR,MLT1E1-int,LTR,ERVL-MaLR,MLT1E1-int
DNA/hAT-Tip100?,UCON23,DNA,hAT-Tip100?,UCON23
LTR/ERVL,MER76-int,LTR,ERVL,MER76-int
LTR/ERVL-MaLR,MLT1C-int,LTR,ERVL-MaLR,MLT1C-int
LTR/ERVK,LTR14C,LTR,ERVK,LTR14C
LTR/ERVL,LTR47B,LTR,ERVL,LTR47B
DNA?,Eulor5B,DNA?,,Eulor5B
LTR/ERV1,LTR38C,LTR,ERV1,LTR38C
LTR/ERV1,HERV1_LTRa,LTR,ERV1,HERV1_LTRa
LTR/ERVL-MaLR,MLT1L-int,LTR,ERVL-MaLR,MLT1L-int
LINE/L2,L2-3_AMi,LINE,L2,L2-3_AMi
LTR/ERV1,LTR10G,LTR,ERV1,LTR10G
DNA/hAT-Charlie,Charlie7b_Mars,DNA,hAT-Charlie,Charlie7b_Mars
LTR/ERVK,LTR3,LTR,ERVK,LTR3
LTR/ERVL,LTR108c_Mam,LTR,ERVL,LTR108c_Mam
LTR/ERVL,LTR108b_Mam,LTR,ERVL,LTR108b_Mam
LTR/ERVL,ERVL47-int,LTR,ERVL,ERVL47-int
LTR/ERV1,LTR59,LTR,ERV1,LTR59
DNA/PIF-Harbinger,Chompy-7_Croc,DNA,PIF-Harbinger,Chompy-7_Croc
DNA,MER136,DNA,,MER136
DNA/TcMar-Tc1,EutTc1-N1,DNA,TcMar-Tc1,EutTc1-N1
LTR/ERV1,MER57E3,LTR,ERV1,MER57E3
LTR/ERV1,LTR70,LTR,ERV1,LTR70
DNA?,Eulor6E,DNA?,,Eulor6E
LINE/L1,L1P4c,LINE,L1,L1P4c
LTR/ERVK,HERVK11D-int,LTR,ERVK,HERVK11D-int
DNA/PIF-Harbinger,Chompy-6_Croc,DNA,PIF-Harbinger,Chompy-6_Croc
LTR/ERVK,MER9B,LTR,ERVK,MER9B
LTR/ERV1,HERV30-int,LTR,ERV1,HERV30-int
LTR/ERVL-MaLR,MLT1E-int,LTR,ERVL-MaLR,MLT1E-int
DNA/TcMar-Tigger,Tigger1a_Mars,DNA,TcMar-Tigger,Tigger1a_Mars
DNA?,UCON100,DNA?,,UCON100
LTR/ERVL,MLT1-int,LTR,ERVL,MLT1-int
LTR/ERV1,LTR43-int,LTR,ERV1,LTR43-int
LTR/ERV1,HERV1_LTRe,LTR,ERV1,HERV1_LTRe
LTR/ERV1,HERV-Fc1_LTR1,LTR,ERV1,HERV-Fc1_LTR1
LTR/ERV1,HERV-Fc1_LTR2,LTR,ERV1,HERV-Fc1_LTR2
LTR/ERV1,HERV-Fc2-int,LTR,ERV1,HERV-Fc2-int
LTR/ERV1,HERV-Fc1-int,LTR,ERV1,HERV-Fc1-int
LTR/ERVL,HERVP71A-int,LTR,ERVL,HERVP71A-int
LTR/ERV1,HERV1_LTRc,LTR,ERV1,HERV1_LTRc
LTR/ERV1,HERV15-int,LTR,ERV1,HERV15-int
LTR/ERV1,HERV-Fc1_LTR3,LTR,ERV1,HERV-Fc1_LTR3
LTR/ERVL-MaLR,LTR16A1,LTR,ERVL-MaLR,LTR16A1
LTR/ERV1,HERV1_LTRb,LTR,ERV1,HERV1_LTRb
SINE?/tRNA,CRP1,SINE?,tRNA,CRP1
DNA/hAT-Charlie,Charlie12,DNA,hAT-Charlie,Charlie12
LTR/ERV1,LTR109A2,LTR,ERV1,LTR109A2
LTR/ERVK,LTR22C,LTR,ERVK,LTR22C
LTR/ERVL?,MLT1K-int,LTR,ERVL?,MLT1K-int
LTR/ERVL-MaLR,LTR87,LTR,ERVL-MaLR,LTR87
LTR/ERV1,ERVL47-int,LTR,ERV1,ERVL47-int
LTR/ERV1,HERVK14-int,LTR,ERV1,HERVK14-int
LTR/ERVL,MLT1L-int,LTR,ERVL,MLT1L-int
LTR/ERV1,MLT1E1-int,LTR,ERV1,MLT1E1-int
LTR/ERVL-MaLR,MER39B,LTR,ERVL-MaLR,MER39B
LTR/ERVL,MLT1O-int,LTR,ERVL,MLT1O-int
LTR/ERVL-MaLR,MLT1M-int,LTR,ERVL-MaLR,MLT1M-int
LTR/ERV1,MLT1B-int,LTR,ERV1,MLT1B-int
LTR/ERVL?,MER68-int,LTR,ERVL?,MER68-int
